label,key,cer,wer,mean_similarity,min_similarity,std_similarity,ref_to_hyp_mean,hyp_to_ref_mean,layoutlmv3_cosine_similarity
1.original,01_2021_QH15_486447,0.13199715,0.52453372,0.839581,0.692223,0.032822,0.887191,0.891362,1
1.original,01_2026_NQ-HDND_707600,0.12949332,0.58039087,0.83807,0.705668,0.027299,0.878891,0.877045,1
1.original,01_2026_NQ-HDND_707836,0.13730298,0.55882353,0.775234,0.606884,0.098116,0.870765,0.873984,1
1.original,01_2026_QH16_704788,0.11246713,0.50585785,0.84056,0.737973,0.027839,0.890105,0.879985,1
1.original,02_2021_QH15_489113,0.12601059,0.5261194,0.662797,0.303905,0.199238,0.78476,0.800575,1
1.original,02_2026_NQ-HDND_707102,0.1234826,0.5245352,0.844377,0.673628,0.050133,0.903087,0.898547,1
1.original,02_2026_NQ-HDND_707534,0.12818822,0.57382237,0.842614,0.713354,0.027418,0.888232,0.87979,1
1.original,02_2026_NQ-HDND_707835,0.26211271,0.67008617,0.820796,0.66396,0.047323,0.878036,0.874746,1
1.original,02_2026_NQ-HDND_708053,0.12783619,0.51982379,0.834547,0.694638,0.050303,0.896671,0.889125,1
1.original,02_2026_QH16_696077,0.11958592,0.53728028,0.844939,0.719354,0.024405,0.886399,0.882455,1
1.original,02_2026_UBTVQH16_708292,0.28747433,0.67304625,0.797973,0.665786,0.076893,0.881256,0.881256,1
1.original,03_2022_QH15_m_486653,0.1247126,0.52789774,0.820185,0.522123,0.061783,0.88274,0.877342,1
1.original,03_2026_NQ-HDND_707107,0.12482909,0.51164254,0.825959,0.730209,0.03916,0.881495,0.879178,1
1.original,03_2026_NQ-HDND_707251,0.12246646,0.51773356,0.835836,0.685414,0.052572,0.89893,0.894878,1
1.original,03_2026_NQ-HDND_707834,0.1213707,0.50804598,0.824261,0.662117,0.072705,0.894529,0.89391,1
1.original,03_2026_NQ-HDND_709377,0.13231274,0.55009452,0.844756,0.749453,0.035353,0.884829,0.885097,1
1.original,03_2026_QH16_694806,0.12365779,0.53578903,0.838619,0.729113,0.026218,0.877873,0.872562,1
1.original,04_2022_QH15_477977,0.13255832,0.59197267,0.828071,0.655322,0.032482,0.860959,0.864273,1
1.original,04_2026_NQ-HDND_707101,0.09308414,0.33459357,0.812672,0.647021,0.096573,0.942016,0.94168,1
1.original,04_2026_NQ-HDND_707533,0.12564671,0.52074139,0.833384,0.750837,0.049831,0.907565,0.907565,1
1.original,04_2026_NQ-HDND_707833,0.11771029,0.52717052,0.83875,0.588794,0.067507,0.88307,0.892879,1
1.original,04_2026_NQ-HDND_707870,0.20444051,0.55966162,0.801549,0.535838,0.075093,0.889813,0.894205,1
1.original,04_2026_QH16_681012,0.12839173,0.57311734,0.821837,0.685998,0.033611,0.852601,0.862074,1
1.original,05_2022_QH15_486445,0.1208561,0.54407373,0.836842,0.732812,0.025655,0.880996,0.874368,1
1.original,05_2026_NQ-HDND_707049,0.11499664,0.47495362,0.823455,0.632579,0.059332,0.888638,0.888705,1
1.original,05_2026_NQ-HDND_707532,0.13122275,0.56917724,0.843732,0.718271,0.02894,0.885661,0.88429,1
1.original,05_2026_NQ-HDND_707602,0.11853278,0.50961145,0.849959,0.747074,0.032957,0.894851,0.894491,1
1.original,05_2026_NQ-HDND_707832,0.12637882,0.55355404,0.811284,0.622015,0.058492,0.874467,0.872465,1
1.original,05_2026_QH16_704792,0.12135993,0.53144723,0.832093,0.65704,0.03782,0.86785,0.869709,1
1.original,06_2022_QH15_418232,0.11891484,0.53538622,0.821346,0.599001,0.036067,0.87748,0.881312,1
1.original,06_2026_NQ-HDND_707048,0.13176471,0.49839228,0.848304,0.779249,0.044579,0.907282,0.907282,1
1.original,06_2026_NQ-HDND_707604,0.13951816,0.49411765,0.852489,0.74783,0.064307,0.917585,0.917585,1
1.original,06_2026_QH16_704653,0.12439238,0.54886489,0.822862,0.626447,0.048077,0.872362,0.879698,1
1.original,07_2022_QH15_458435,0.13157436,0.58497881,0.828967,0.610279,0.029107,0.870883,0.869407,1
1.original,07_2026_NQ-HDND_707047,0.1223769,0.52173913,0.836939,0.652186,0.067751,0.906233,0.905546,1
1.original,07_2026_NQ-HDND_707601,0.20578567,0.5247012,0.758955,0.360219,0.139827,0.815319,0.86899,1
1.original,07_2026_QH16_704791,0.12509866,0.55366091,0.839036,0.617715,0.031534,0.880476,0.872419,1
1.original,08_2022_QH15_m_465916,0.12761072,0.58826037,0.833898,0.63635,0.027754,0.882001,0.871695,1
1.original,08_2026_NQ-HDND_707605,0.14008559,0.52330226,0.823475,0.729031,0.05668,0.889057,0.889057,1
1.original,08_2026_NQ-HDND_710089,0.13874405,0.54402516,0.815049,0.698563,0.051199,0.876095,0.87986,1
1.original,09_2022_QH15_m_513345,0.14002101,0.61507319,0.821446,0.594694,0.049162,0.861701,0.864821,1
1.original,09_2026_NQ-HDND_707045,0.15316561,0.59442332,0.823274,0.72329,0.048345,0.8804,0.874107,1
1.original,09_2026_NQ-HDND_707103,0.13823382,0.53193961,0.822849,0.696537,0.06296,0.900015,0.898292,1
1.original,09_2026_QH16_703956,0.1520111,0.56079404,0.753244,0.508462,0.114366,0.828764,0.872655,1
1.original,100_2025_QH15_688908,0.13210429,0.5667394,0.839225,0.737455,0.022983,0.870297,0.875324,1
1.original,101_2025_QH15_686537,0.1212405,0.5376268,0.842111,0.695914,0.02533,0.875489,0.880044,1
1.original,102_2025_QH15_624015,0.12791507,0.55225708,0.845662,0.741578,0.025853,0.879247,0.881329,1
1.original,103_2025_QH15_686538,0.12602326,0.54898527,0.832035,0.649112,0.033562,0.87083,0.86945,1
1.original,104_2025_QH15_633465,0.13078887,0.5929438,0.830067,0.762724,0.019801,0.863163,0.860248,1
1.original,105_2025_QH15_667661,0.11858111,0.53269972,0.848084,0.410185,0.050866,0.889196,0.882472,1
1.original,106_2025_QH15_628717,0.11589211,0.51431187,0.84902,0.629217,0.029261,0.89412,0.891983,1
1.original,107_2025_QH15_346850,0.12174108,0.52648844,0.83268,0.710232,0.036774,0.885328,0.885001,1
1.original,108_2025_QH15_675268,0.1269889,0.57469271,0.837523,0.65764,0.027339,0.879041,0.87629,1
1.original,109_2025_QH15_665870,0.12726719,0.56559272,0.836482,0.686317,0.028279,0.873943,0.874704,1
1.original,10_2022_QH15_546085,0.12674442,0.55433556,0.840819,0.639218,0.029232,0.887702,0.878781,1
1.original,10_2026_NQ-HDND_707046,0.1234851,0.51768489,0.839187,0.709339,0.053218,0.907112,0.907899,1
1.original,10_2026_NQ-HDND_707105,0.1373913,0.50266667,0.826154,0.721059,0.056643,0.892473,0.891917,1
1.original,110_2025_QH15_581160,0.11917087,0.54532817,0.839159,0.681343,0.029824,0.88078,0.875555,1
1.original,111_2025_QH15_667663,0.14586803,0.64531159,0.820715,0.737378,0.026398,0.863427,0.857621,1
1.original,112_2025_QH15_586814,0.13040673,0.57028872,0.838248,0.519461,0.035657,0.884828,0.880398,1
1.original,113_2025_QH15_443680,0.1189738,0.52372235,0.816152,0.456647,0.07436,0.882198,0.878747,1
1.original,114_2025_QH15_658530,0.12266572,0.55695684,0.820206,0.512568,0.046021,0.867375,0.868879,1
1.original,115_2025_QH15_675264,0.12753036,0.56617233,0.833492,0.694235,0.036176,0.877976,0.876752,1
1.original,116_2025_QH15_666020,0.11933092,0.53484111,0.83249,0.551386,0.050745,0.89169,0.879608,1
1.original,117_2025_QH15_685866,0.13087263,0.57005203,0.841419,0.750172,0.023031,0.878865,0.877644,1
1.original,118_2025_QH15_682798,0.13054191,0.56651163,0.813325,0.565945,0.043669,0.868585,0.872047,1
1.original,119_2025_QH15_685933,0.11775602,0.53661538,0.847644,0.684627,0.051215,0.891083,0.886673,1
1.original,11_2022_QH15_544688,0.10842231,0.49921413,0.852594,0.723749,0.021816,0.889083,0.88437,1
1.original,11_2026_NQ-HDND_707106,0.12382306,0.48445172,0.795917,0.655374,0.085023,0.901825,0.906812,1
1.original,11_2026_NQ-HDND_707159,0.3973702,0.74790069,0.844071,0.614801,0.038519,0.889604,0.887452,1
1.original,11_2026_NQ-HDND_709745,0.1382567,0.5488145,0.793116,0.59535,0.080032,0.882502,0.884591,1
1.original,120_2025_QH15_666019,0.11710714,0.52179907,0.831797,0.49924,0.041574,0.874639,0.873945,1
1.original,121_2025_QH15_689140,0.12600203,0.56421601,0.839648,0.684474,0.025565,0.877209,0.872104,1
1.original,122_2025_QH15_662035,0.13178029,0.59825568,0.837682,0.739522,0.022947,0.875736,0.865927,1
1.original,123_2025_QH15_656970,0.12973002,0.57761428,0.830374,0.603462,0.039851,0.873125,0.872584,1
1.original,124_2025_QH15_687560,0.12585677,0.58001132,0.848961,0.660309,0.027018,0.889206,0.88041,1
1.original,125_2025_QH15_663779,0.12950908,0.5835242,0.848348,0.730135,0.022406,0.883768,0.876963,1
1.original,126_2025_QH15_581548,0.11146038,0.49600689,0.855332,0.748642,0.023906,0.894153,0.894441,1
1.original,127_2025_QH15_686325,0.11695648,0.51787022,0.847593,0.686337,0.028181,0.8955,0.890017,1
1.original,128_2025_QH15_679014,0.13151518,0.5760095,0.80701,0.604332,0.031518,0.859823,0.852456,1
1.original,129_2025_QH15_675261,0.12983062,0.58538752,0.830538,0.478466,0.05138,0.867751,0.871088,1
1.original,12_2022_QH15_505749,0.12156065,0.53908575,0.846121,0.702338,0.023411,0.885557,0.881627,1
1.original,12_2026_NQ-HDND_707158,0.14759324,0.55278592,0.838692,0.760081,0.048161,0.897768,0.902251,1
1.original,12_2026_NQ-HDND_709406,0.1282823,0.54454953,0.79066,0.468408,0.120502,0.872029,0.863436,1
1.original,12_2026_NQ-HDND_709746,0.25236911,0.62562035,0.828328,0.694926,0.039595,0.880307,0.877284,1
1.original,12_NQ-HDND_707831,0.1258888,0.53485647,0.833162,0.619162,0.048127,0.884625,0.887152,1
1.original,12_NQ-HDND_708054,0.11832377,0.53562129,0.841201,0.406917,0.05103,0.889417,0.888462,1
1.original,130_2025_QH15_687674,0.11195956,0.51408072,0.83727,0.547416,0.037638,0.891029,0.884706,1
1.original,131_2025_QH15_675267,0.13300015,0.58595117,0.823683,0.276759,0.074164,0.86488,0.871077,1
1.original,132_2025_QH15_685733,0.11480325,0.50680658,0.836275,0.678965,0.039159,0.874939,0.878198,1
1.original,133_2025_QH15_675211,0.12034596,0.55073678,0.848592,0.64986,0.030181,0.88702,0.884232,1
1.original,134_2025_QH15_679013,0.12399722,0.55154355,0.844559,0.713668,0.025161,0.878107,0.874675,1
1.original,135_2025_QH15_675213,0.12041303,0.536564,0.847947,0.539416,0.033088,0.897165,0.887175,1
1.original,135_NQ-CP_706738,0.12938397,0.534699,0.840791,0.676928,0.042312,0.890531,0.887844,1
1.original,136_2025_QH15__686937,0.13128895,0.58552632,0.810358,0.633123,0.048455,0.870109,0.862169,1
1.original,137_2025_QH15_686549,0.14556326,0.62234043,0.825419,0.731219,0.028629,0.852662,0.860574,1
1.original,138_2025_QH15_686527,0.12241802,0.53618249,0.821609,0.545725,0.078273,0.879046,0.876537,1
1.original,139_2025_QH15_684512,0.1225537,0.55362559,0.812468,0.590827,0.06168,0.861544,0.863646,1
1.original,13_2022_QH15_490095,0.11561068,0.51208119,0.837489,0.53268,0.040331,0.873457,0.875074,1
1.original,13_2026_NQ-HDND_707807,0.13980138,0.53792299,0.807484,0.658941,0.082446,0.904818,0.89758,1
1.original,13_2026_NQ-HDND_709407,0.14287975,0.56277372,0.831388,0.721756,0.044949,0.890229,0.886241,1
1.original,13_2026_NQ-HDND_709751,0.30950504,0.6763285,0.823868,0.677734,0.036897,0.877512,0.876672,1
1.original,140_2025_QH15_675263,0.3257646,0.73436231,0.808884,0.615855,0.05944,0.862517,0.860498,1
1.original,140_NQ-CP_707328,0.13637836,0.52910833,0.824663,0.659639,0.058453,0.889043,0.889662,1
1.original,141_2025_QH15_686550,0.12445803,0.54363785,0.847211,0.708047,0.03225,0.882812,0.885452,1
1.original,141_NQ-CP_708014,0.14275056,0.55503513,0.804667,0.707098,0.051629,0.879786,0.879786,1
1.original,142_2025_QH15_675210,0.12188192,0.54526668,0.841413,0.615999,0.025001,0.882427,0.877248,1
1.original,143_2025_QH15_681550,0.13581701,0.52908956,0.79351,0.471671,0.074121,0.888062,0.885132,1
1.original,143_NQ-CP_709397,0.15889465,0.51764706,0.847631,0.779493,0.052646,0.912009,0.912009,1
1.original,144_2025_QH15_675260,0.11915952,0.52485707,0.839315,0.603672,0.0441,0.886671,0.884395,1
1.original,145_2025_QH15_684669,0.13339997,0.59250225,0.843017,0.75077,0.020478,0.875098,0.872249,1
1.original,146_2025_QH15_675259,0.12723245,0.56110847,0.809452,0.44278,0.065236,0.875318,0.881816,1
1.original,147_2025_QH15_675265,0.11926536,0.5348199,0.829219,0.49545,0.056013,0.876111,0.876155,1
1.original,148_2025_QH15_m_675262,0.13115101,0.58955701,0.841473,0.758673,0.0206,0.874467,0.87292,1
1.original,148_NQ-CP_710006,0.25208783,0.63015115,0.838124,0.545055,0.050363,0.893252,0.89082,1
1.original,149_2025_QH15_679698,0.12979631,0.53978495,0.795448,0.722869,0.047524,0.847123,0.845583,1
1.original,14_2022_QH15_519327,0.11712956,0.52493606,0.843941,0.624357,0.029794,0.888139,0.880047,1
1.original,14_2026_NQ-HDND_707808,0.151385,0.55527211,0.847089,0.675944,0.043971,0.899666,0.896537,1
1.original,14_2026_NQ-HDND_709408,0.13851026,0.54179567,0.792614,0.607092,0.083335,0.88123,0.879708,1
1.original,14_2026_NQ-HDND_710206,0.15313076,0.57226433,0.807804,0.571141,0.057465,0.877074,0.877082,1
1.original,14_NQ-HDND_707830,0.12616968,0.53862661,0.779399,0.609849,0.076695,0.875809,0.875457,1
1.original,150_2025_QH15_685773,0.12055256,0.5367701,0.838912,0.759383,0.022446,0.883342,0.873524,1
1.original,15_2023_QH15_372143,0.12912765,0.58484128,0.828111,0.610852,0.030631,0.873678,0.868757,1
1.original,15_2026_NQ-HDND_707809,0.24903214,0.53944867,0.834176,0.723085,0.041143,0.882085,0.883608,1
1.original,15_2026_NQ-HDND_707811,0.15164135,0.5483871,0.836795,0.776528,0.039745,0.892263,0.88416,1
1.original,15_2026_NQ-HDND_709741,0.34435347,0.58680473,0.818821,0.58929,0.051132,0.883907,0.885826,1
1.original,15_NQ-HDND_707829,0.3379694,0.66982622,0.839669,0.63692,0.06003,0.911312,0.90903,1
1.original,16_2023_QH15_519324,0.14998215,0.56918493,0.835855,0.659654,0.0264,0.878477,0.874205,1
1.original,16_2026_NQ-HDND_707769,0.1577802,0.57664975,0.836958,0.66752,0.05102,0.895917,0.892799,1
1.original,16_2026_NQ-HDND_707810,0.12596359,0.50481125,0.843571,0.728533,0.049426,0.904506,0.900109,1
1.original,17_2023_QH15_499239,0.11676467,0.51794705,0.835839,0.653672,0.028158,0.882486,0.879204,1
1.original,17_2026_NQ-HDND_709410,0.16909193,0.55232558,0.830729,0.728576,0.048211,0.903636,0.895717,1
1.original,18_2023_QH15_519325,0.1303369,0.58009986,0.822386,0.300668,0.062905,0.872323,0.868766,1
1.original,18_2026_NQ-HDND_709411,0.14889365,0.51267992,0.827665,0.683191,0.058198,0.909748,0.909857,1
1.original,18_NQ-HDND_707827,0.13636364,0.53209459,0.82199,0.667785,0.081044,0.89856,0.896321,1
1.original,19_2023_QH15_m_500102,0.11696265,0.53250077,0.840546,0.640447,0.029049,0.881938,0.88295,1
1.original,19_2026_NQ-HDND_709412,0.15479599,0.55178211,0.794936,0.554779,0.074732,0.890244,0.888622,1
1.original,20_2023_QH15_m_513347,0.13699922,0.60564612,0.834532,0.720663,0.024587,0.874454,0.872606,1
1.original,20_2026_NQ-HDND_709415,0.13186975,0.52541209,0.822722,0.652587,0.056921,0.892715,0.894142,1
1.original,20_2026_NQ-HDND_709736,0.24827642,0.59793925,0.76784,0.273887,0.133092,0.82551,0.876361,1
1.original,20_NQ-HDND_707825,0.12194608,0.51612903,0.827499,0.706594,0.050419,0.88661,0.880898,1
1.original,21_2026_NQ-HDND_709413,0.1236336,0.53350683,0.845322,0.713478,0.038331,0.896594,0.891492,1
1.original,21_2026_NQ-HDND_709737,0.13307538,0.57773304,0.83255,0.417884,0.056677,0.883219,0.869877,1
1.original,21_NQ-HDND_707824,0.13585805,0.56219512,0.752263,0.583602,0.096992,0.862995,0.865007,1
1.original,22_2026_NQ-HDND_709414,0.12564083,0.53293201,0.832471,0.670157,0.053987,0.890439,0.890566,1
1.original,22_2026_NQ-HDND_709738,0.17200422,0.55577568,0.826755,0.682628,0.0378,0.875114,0.878493,1
1.original,23_2023_QH15_m_563579,0.13050697,0.56738152,0.820258,0.618996,0.041586,0.866473,0.864271,1
1.original,23_2026_NQ-HDND_709416,0.128965,0.55939918,0.823765,0.635139,0.044973,0.887859,0.878941,1
1.original,23_2026_NQ-HDND_709739,0.11722054,0.49371563,0.816927,0.57616,0.079089,0.896092,0.896194,1
1.original,23_NQ-HDND_707612,0.12901424,0.4815756,0.828121,0.686884,0.059995,0.894213,0.890644,1
1.original,23_NQ-HDND_707821,0.13176008,0.53323263,0.818912,0.706694,0.05007,0.870048,0.863214,1
1.original,23_NQ-HDND_709740 (1),0.12344433,0.53813333,0.839265,0.739596,0.03711,0.887416,0.888709,1
1.original,23_NQ-HDND_709740,0.12344433,0.53813333,0.839265,0.739596,0.03711,0.887416,0.888709,1
1.original,24_2023_QH15_535782,0.12218157,0.56147311,0.840013,0.62187,0.02786,0.881515,0.877831,1
1.original,24_2026_NQ-HDND_709417,0.1256154,0.49137336,0.822611,0.67239,0.058059,0.900715,0.901249,1
1.original,24_2026_NQ-HDND_709733,0.16009916,0.57191279,0.840674,0.687649,0.031926,0.889434,0.884836,1
1.original,24_NQ-HDND_707611,0.12621056,0.51536812,0.850808,0.689396,0.051554,0.894735,0.896657,1
1.original,24_NQ-HDND_707820,0.13224326,0.53997379,0.827595,0.696464,0.054319,0.888528,0.878829,1
1.original,25_2023_QH15_548477,0.11579297,0.52060461,0.852973,0.72981,0.021893,0.890085,0.885603,1
1.original,25_2026_NQ-HDND_709430,0.13754968,0.5312,0.834111,0.728114,0.053934,0.905315,0.906698,1
1.original,25_2026_NQ-HDND_709752,0.13146009,0.55486231,0.822322,0.655592,0.044039,0.876254,0.873755,1
1.original,26_2023_QH15_m_552422,0.12803933,0.55487714,0.83923,0.549839,0.043484,0.879637,0.882875,1
1.original,26_2026_NQ-HDND_709418,0.14639152,0.54984342,0.84115,0.694305,0.050516,0.895642,0.89598,1
1.original,26_2026_NQ-HDND_709750,0.1448454,0.5704174,0.829067,0.607674,0.034243,0.883361,0.878813,1
1.original,26_NQ-HDND_709743,0.11656909,0.52224517,0.833,0.635359,0.040773,0.878567,0.877216,1
1.original,278_NQ-UBTVQH16_709850,0.1375896,0.59772099,0.819613,0.692098,0.050753,0.886993,0.880902,1
1.original,279_NQ-UBTVQH16_709851,0.1412794,0.62851142,0.826494,0.608385,0.050026,0.871195,0.869614,1
1.original,27_2023_QH15_528669,0.13162976,0.53674747,0.833519,0.685881,0.027257,0.884371,0.881392,1
1.original,27_2026_NQ-HDND_709419,0.12659479,0.53136685,0.792526,0.469144,0.114909,0.871145,0.871171,1
1.original,27_2026_NQ-HDND_709748,0.25770483,0.64291551,0.855171,0.693483,0.039312,0.904749,0.903417,1
1.original,28_2023_QH15_583801,0.12027931,0.54700325,0.85682,0.620848,0.028244,0.89926,0.893926,1
1.original,28_2026_NQ-CP_710007,0.12964607,0.5278266,0.8376,0.728575,0.043575,0.897584,0.902047,1
1.original,28_2026_NQ-HDND_709420,0.12579123,0.53190349,0.825821,0.64616,0.056712,0.892266,0.892305,1
1.original,28_2026_NQ-HDND_710200,0.12964485,0.5482087,0.802144,0.599194,0.048359,0.872736,0.870348,1
1.original,29_2023_QH15_530116,0.12161965,0.53854979,0.843401,0.710127,0.025914,0.897022,0.883187,1
1.original,29_2026_NQ-HDND_709421,0.29703042,0.59115646,0.827174,0.725485,0.045753,0.894167,0.895305,1
1.original,30_2023_QH15_445699,0.13993871,0.58708235,0.823112,0.336991,0.080758,0.861158,0.867286,1
1.original,30_2026_NQ-HDND_709429,0.14227524,0.5495617,0.816525,0.699913,0.048289,0.886487,0.882449,1
1.original,31_2024_QH15_523642,0.13672296,0.60289031,0.826098,0.625361,0.0289,0.875314,0.872539,1
1.original,31_2026_NQ-HDND_709428,0.14720218,0.54631722,0.812572,0.614498,0.075438,0.880408,0.881667,1
1.original,32_2024_QH15_m_577203,0.12345089,0.55838486,0.835192,0.562183,0.028397,0.889887,0.877614,1
1.original,32_2026_NQ-HDND_709422,0.13605567,0.52658662,0.840453,0.735691,0.049053,0.907681,0.900108,1
1.original,33_2024_QH15_545181,0.12926108,0.56212834,0.839493,0.62926,0.028095,0.881041,0.873479,1
1.original,33_2026_NQ-HDND_709423,0.13363059,0.52988293,0.804763,0.662269,0.061617,0.879242,0.880103,1
1.original,34_2024_QH15_580434,0.11419022,0.50676093,0.851635,0.713091,0.029046,0.907491,0.890952,1
1.original,34_NQ-HDND_709431,0.14764268,0.49425287,0.827302,0.713072,0.059851,0.907391,0.896614,1
1.original,3579_QD-UBND_708038,0.52781795,0.83957952,0.844748,0.655433,0.041315,0.888146,0.878392,1
1.original,35_2024_QH15_588811,0.12511383,0.55726527,0.842604,0.732132,0.024305,0.886466,0.880267,1
1.original,35_NQ-HDND_707110,0.57643901,0.8101331,0.874991,0.652198,0.041438,0.924627,0.926967,1
1.original,36_2024_QH15_444251,0.11707637,0.52119893,0.822222,0.548131,0.040516,0.886454,0.878924,1
1.original,36_NQ-HDND_707610,0.11723971,0.51925661,0.837784,0.623056,0.049001,0.899249,0.897912,1
1.original,37_2024_QH15_588810,0.12653223,0.54783682,0.825835,0.5467,0.042528,0.870965,0.873051,1
1.original,38_2024_QH15_555033,0.1217319,0.56303504,0.860192,0.711986,0.019575,0.895447,0.890548,1
1.original,38_2026_QD-UBND_708135,0.13740309,0.56091887,0.799344,0.567215,0.069702,0.877556,0.872245,1
1.original,39_2024_QH15_575158,0.12156414,0.54646829,0.844019,0.746526,0.023018,0.88726,0.882215,1
1.original,40_2024_QH15_564046,0.13807531,0.6001773,0.826493,0.72576,0.026626,0.868579,0.85815,1
1.original,40_NQ-HDND_707111,0.64223019,0.90327238,0.8576,0.659546,0.037009,0.906367,0.904957,1
1.original,41_2019_QH14_387991,0.11533322,0.50871987,0.850456,0.70455,0.027873,0.902597,0.894168,1
1.original,41_2024_QH15_557190,0.13330457,0.5865938,0.813392,0.606936,0.032483,0.871149,0.863405,1
1.original,42_NQ-HDND_707609,0.14094801,0.52483286,0.825888,0.688276,0.048241,0.899025,0.896943,1
1.original,43_2019_QH14_367665,0.12759536,0.57544365,0.840822,0.346631,0.049958,0.885197,0.879146,1
1.original,43_2024_QH15_612195,0.128,0.54342432,0.66884,0.326714,0.178528,0.815195,0.76607,1
1.original,44_2024_QH15_583839,0.12732396,0.56944345,0.820941,0.617044,0.037236,0.869057,0.866301,1
1.original,44_NQ-HDND_707608,0.14572193,0.50992366,0.820982,0.707068,0.08005,0.918387,0.918387,1
1.original,45_2019_QH14_333670,0.12930342,0.58210175,0.835875,0.488426,0.033051,0.873263,0.878473,1
1.original,45_2024_QH15_583769,0.12385415,0.53618623,0.848918,0.683906,0.024718,0.895779,0.886703,1
1.original,45_NQ-HDND_707607,0.15358507,0.51873767,0.812309,0.72615,0.072348,0.90445,0.90445,1
1.original,46_2019_QH14_398157,0.11813058,0.53195087,0.847427,0.648159,0.035059,0.886194,0.883944,1
1.original,46_2024_QH15_524982,0.119717,0.54726027,0.831331,0.682291,0.02578,0.879253,0.871024,1
1.original,46_2026_QD-UBND_708335,0.15619324,0.5227656,0.886026,0.842852,0.035178,0.924397,0.924397,1
1.original,46_NQ-HDND_707606,0.37269409,0.72487437,0.858682,0.693323,0.033472,0.900002,0.891085,1
1.original,47_2019_QH14_411945,0.11943869,0.53268809,0.828035,0.697815,0.040711,0.877002,0.877759,1
1.original,47_2024_QH15_583645,0.12190582,0.54051027,0.845597,0.588728,0.037323,0.888214,0.886619,1
1.original,47_NQ-HDND_707603,0.18241283,0.5849238,0.819947,0.591981,0.044576,0.885015,0.883069,1
1.original,48_2019_QH14_366794,0.12623119,0.55810516,0.841934,0.653311,0.030529,0.885437,0.878635,1
1.original,48_2024_QH15_556390,0.12075197,0.53669347,0.841026,0.639172,0.033506,0.878786,0.883248,1
1.original,49_2019_QH14_402073,0.13775986,0.61254341,0.822306,0.675132,0.027339,0.864102,0.861673,1
1.original,49_2024_QH15_548487,0.1084608,0.49775112,0.846444,0.491675,0.048196,0.889442,0.891638,1
1.original,50_2019_QH14_411944,0.12554905,0.52388797,0.701563,0.481719,0.148759,0.825262,0.825262,1
1.original,50_2024_QH15_445264,0.11342358,0.5181676,0.854884,0.669026,0.029325,0.890768,0.887016,1
1.original,51_2019_QH14_422706,0.13305095,0.57612323,0.810848,0.632641,0.040852,0.868649,0.857714,1
1.original,51_2024_QH15_m_505750,0.12884022,0.5575461,0.812125,0.57371,0.041945,0.869388,0.865594,1
1.original,52_2019_QH14_405729,0.13021452,0.57448004,0.823456,0.690688,0.034594,0.872947,0.863106,1
1.original,52_2024_QH15_630032,0.12509353,0.5355407,0.816627,0.683582,0.044565,0.871764,0.873645,1
1.original,53_2019_QH14_351558,0.13651525,0.60890715,0.850712,0.699646,0.027738,0.887822,0.878813,1
1.original,53_2024_QH15_m_607439,0.1170633,0.51937135,0.833183,0.661581,0.027515,0.875005,0.870039,1
1.original,54_2019_QH14_399763,0.11224354,0.50614229,0.847626,0.654692,0.024439,0.893623,0.882604,1
1.original,54_2024_QH15_578531,0.11547424,0.52311646,0.850272,0.730828,0.023599,0.891567,0.888195,1
1.original,54_KH-UBND_708180,0.2084931,0.613481,0.831535,0.69773,0.037647,0.88975,0.883999,1
1.original,55_2019_QH14_410870,0.13131608,0.58434548,0.81538,0.645163,0.041281,0.85588,0.860948,1
1.original,55_2024_QH15_621347,0.1254928,0.56892269,0.832117,0.686381,0.030144,0.878489,0.876237,1
1.original,56_2020_QH14_422707,0.12184111,0.54327273,0.841024,0.631011,0.042279,0.885962,0.876721,1
1.original,56_2024_QH15_m_622318,0.12277116,0.54236798,0.829631,0.601053,0.045541,0.885255,0.880193,1
1.original,57_2020_QH14_416260,0.11044345,0.50544323,0.84052,0.621838,0.042115,0.882265,0.876793,1
1.original,57_2024_QH15_623631,0.12771796,0.55667906,0.835566,0.608791,0.031865,0.881088,0.879107,1
1.original,58_2020_QH14_395767,0.12177441,0.54530363,0.838522,0.66661,0.028247,0.878316,0.875415,1
1.original,58_2024_QH15_m_621645,0.12625918,0.55932362,0.846667,0.5574,0.031441,0.887022,0.883313,1
1.original,58_2026_NQ-HDND_709771,0.15130606,0.58046615,0.845869,0.784917,0.040764,0.904744,0.89275,1
1.original,59_2020_QH14_427301,0.12013712,0.53866498,0.83077,0.618342,0.027367,0.878263,0.874123,1
1.original,59_2024_QH15_606865,0.12308696,0.55491924,0.822792,0.591469,0.034672,0.88123,0.870906,1
1.original,60_2020_QH14_373522,0.11460709,0.51514615,0.834044,0.670152,0.044814,0.884361,0.877503,1
1.original,60_2024_QH15_m_621343,0.14079672,0.61298652,0.833758,0.661285,0.029347,0.871786,0.866812,1
1.original,60_2026_NQ-HDND_709424,0.12994619,0.53222303,0.838916,0.689632,0.05875,0.895543,0.895087,1
1.original,61_2020_QH14_321051,0.13469004,0.53668324,0.795174,0.521984,0.071208,0.881771,0.8808,1
1.original,61_2024_QH15_613892,0.12896097,0.57877184,0.836957,0.628586,0.026324,0.882639,0.87644,1
1.original,62_2020_QH14_418229,0.12380205,0.54204156,0.847143,0.588492,0.031107,0.887812,0.883012,1
1.original,62_2025_QH15_643744,0.14255907,0.6286663,0.788077,0.558806,0.06985,0.849801,0.839792,1
1.original,63_2020_QH14_402074,0.13482016,0.59179515,0.829032,0.700882,0.027464,0.867899,0.865836,1
1.original,63_2025_QH15_639242,0.13324873,0.6129528,0.834699,0.704388,0.028085,0.873651,0.867948,1
1.original,63_2026_QD-UBND_709654,0.11480518,0.49547284,0.859514,0.660794,0.040066,0.903424,0.895992,1
1.original,64_2020_QH14_374160,0.12646556,0.55263448,0.837266,0.688848,0.02531,0.879456,0.873841,1
1.original,64_2025_QH15_639239,0.12905121,0.57551787,0.840249,0.732191,0.025003,0.88139,0.880753,1
1.original,65_2020_QH14_422708,0.1382596,0.60448746,0.81474,0.697644,0.040993,0.867505,0.858545,1
1.original,65_2025_QH15_639241,0.12917316,0.57815466,0.829198,0.600335,0.035649,0.881164,0.874974,1
1.original,66_2020_QH14_439845,0.12499076,0.56514325,0.848689,0.751574,0.024317,0.882364,0.885593,1
1.original,66_2025_QH15_621225,0.16949816,0.57753059,0.783755,0.460093,0.088603,0.873355,0.872193,1
1.original,67_2020_QH14_m_373520,0.12932943,0.57940121,0.807878,0.522275,0.039027,0.861784,0.862504,1
1.original,67_2025_QH15_580594,0.12520384,0.55826322,0.83616,0.745663,0.025142,0.877942,0.877053,1
1.original,68_2020_QH14_435315,0.12168502,0.51240979,0.830719,0.710356,0.032007,0.876221,0.878466,1
1.original,68_2025_QH15_578018,0.12880761,0.58524206,0.833676,0.642794,0.027847,0.86934,0.869728,1
1.original,69_2020_QH14_439844,0.13163222,0.57227064,0.838894,0.692619,0.027392,0.880681,0.876132,1
1.original,69_2025_QH15_603983,0.12692739,0.56582175,0.844631,0.710723,0.026835,0.885496,0.8857,1
1.original,70_2020_QH14_376557,0.14412219,0.62113606,0.837692,0.60764,0.029795,0.880613,0.872815,1
1.original,70_2025_QH15_580121,0.12785244,0.57263045,0.844581,0.700027,0.029729,0.886119,0.879354,1
1.original,70_2026_NQ-HDND_709515,0.12182843,0.5313093,0.841184,0.661225,0.058066,0.89888,0.895524,1
1.original,71_2020_QH14_366792,0.11923406,0.53070439,0.818772,0.635988,0.039193,0.861938,0.864787,1
1.original,71_2025_QH15_621341,0.12683589,0.57647929,0.841131,0.557721,0.039112,0.882661,0.881506,1
1.original,72_2020_QH14_431147,0.12486211,0.56068122,0.846309,0.661581,0.022795,0.888169,0.885478,1
1.original,72_2025_QH15_649675,0.12751192,0.57237122,0.834683,0.629844,0.031115,0.882035,0.878673,1
1.original,73_2021_QH14_445185,0.11499432,0.51627501,0.838305,0.709587,0.025648,0.879938,0.875555,1
1.original,73_2025_QH15_621345,0.11820343,0.52645782,0.85295,0.7384,0.021538,0.885058,0.883913,1
1.original,74_2025_QH15_m_530912,0.12985048,0.5861709,0.832027,0.648357,0.030562,0.876553,0.870141,1
1.original,75_2025_QH15_555035,0.12113818,0.55343194,0.829319,0.614574,0.055629,0.877931,0.878572,1
1.original,76_2025_QH15_659899,0.12109215,0.53423812,0.831893,0.679117,0.048428,0.873848,0.879858,1
1.original,77_2025_QH15_643029,0.13182833,0.58953778,0.811291,0.543718,0.076201,0.863734,0.869186,1
1.original,78_2025_QH15_m_623226,0.12544644,0.56508423,0.841523,0.632627,0.032797,0.884033,0.878449,1
1.original,79_2025_QH15_660522,0.13640441,0.59165335,0.810253,0.463536,0.068411,0.848736,0.859357,1
1.original,80_2025_QH15_649688,0.12695706,0.56861035,0.837828,0.763607,0.021773,0.878422,0.871636,1
1.original,81_2025_QH15_660533,0.11446886,0.49625607,0.855381,0.699321,0.028692,0.899786,0.892072,1
1.original,82_2025_QH15_660530,0.12277669,0.54594371,0.811629,0.562004,0.049677,0.858461,0.864132,1
1.original,83_2025_QH15_663780,0.15308357,0.64037203,0.790845,0.462808,0.071734,0.842929,0.83989,1
1.original,84_2025_QH15_655378,0.10929268,0.50201131,0.84536,0.583094,0.041785,0.896291,0.884446,1
1.original,85_2025_QH15_651570,0.11747681,0.51439446,0.834694,0.574637,0.04698,0.890759,0.888948,1
1.original,86_2025_QH15_662377,0.12050023,0.54055323,0.78261,0.495895,0.05307,0.856091,0.859973,1
1.original,87_2025_QH15_662673,0.13074257,0.56991179,0.843679,0.728473,0.030538,0.880468,0.883796,1
1.original,88_2025_QH15_m_659898,0.12921867,0.56747881,0.81046,0.509569,0.050264,0.865361,0.861234,1
1.original,89_2025_QH15_650061,0.11295182,0.50208326,0.860032,0.276704,0.051873,0.902186,0.89561,1
1.original,8_2026_QH16_704810,0.13306052,0.5807601,0.825889,0.689061,0.033851,0.874097,0.866345,1
1.original,90_2025_QH15_m_662379,0.12828775,0.56095268,0.832402,0.505134,0.040466,0.879172,0.880847,1
1.original,91_2025_QH15_m_625628,0.12572361,0.54131172,0.846728,0.699411,0.024308,0.88257,0.877181,1
1.original,92_2025_QH15_659897,0.12497531,0.55747437,0.851948,0.77819,0.023148,0.888487,0.883459,1
1.original,93_2025_QH15_m_581164,0.12379102,0.5624227,0.8465,0.633071,0.028271,0.889578,0.885828,1
1.original,94_2025_QH15_643689,0.12568544,0.55637847,0.850457,0.592395,0.032402,0.890716,0.886996,1
1.original,95_2025_QH15_622480,0.13324815,0.59055118,0.836344,0.701622,0.03031,0.887528,0.876019,1
1.original,96_2025_QH15_648594,0.12950257,0.55737018,0.839984,0.741985,0.030078,0.873715,0.871116,1
1.original,97_2025_QH15_663709,0.13026193,0.55063508,0.809704,0.672111,0.042442,0.860451,0.865182,1
1.original,98_2025_QH15_662116,0.12530524,0.54514575,0.844085,0.677038,0.034988,0.885075,0.887682,1
1.original,99_2025_QH15_662829,0.12295125,0.54478834,0.813439,0.517735,0.053053,0.876285,0.870433,1
2.insert,01_2021_QH15_486447,0.1713044,0.56786227,0.838323,0.672402,0.032988,0.888433,0.887441,0.999533
2.insert,01_2026_NQ-HDND_707600,0.1409812,0.5955822,0.83795,0.719912,0.027631,0.879197,0.87584,0.999597
2.insert,01_2026_NQ-HDND_707836,0.35201401,0.8251634,0.792015,0.617702,0.094012,0.831946,0.879514,0.960443
2.insert,01_2026_QH16_704788,0.12978736,0.52551419,0.838459,0.640563,0.034971,0.888196,0.875831,0.998962
2.insert,02_2021_QH15_489113,0.29746306,0.7300995,0.708368,0.374608,0.166603,0.736259,0.844324,0.997237
2.insert,02_2026_NQ-HDND_707102,0.16414891,0.5696434,0.843355,0.677873,0.049508,0.897616,0.894877,0.997539
2.insert,02_2026_NQ-HDND_707534,0.13766853,0.58446602,0.842982,0.689339,0.02806,0.885961,0.879186,0.998553
2.insert,02_2026_NQ-HDND_707835,0.31644755,0.7320476,0.830624,0.704566,0.043809,0.881253,0.879921,0.998608
2.insert,02_2026_NQ-HDND_708053,0.21264527,0.61988672,0.836866,0.695697,0.048144,0.892678,0.889231,0.988143
2.insert,02_2026_QH16_696077,0.12615038,0.54476531,0.844145,0.651438,0.026873,0.883691,0.881273,0.999807
2.insert,02_2026_UBTVQH16_708292,0.49931554,0.93141946,0.804414,0.709365,0.060619,0.858595,0.869341,0.981625
2.insert,03_2022_QH15_m_486653,0.14905256,0.55588184,0.82335,0.555112,0.060542,0.877658,0.878615,0.997399
2.insert,03_2026_NQ-HDND_707107,0.20891441,0.61107615,0.820932,0.718388,0.038346,0.876578,0.873653,0.994176
2.insert,03_2026_NQ-HDND_707251,0.18070226,0.58737024,0.833621,0.699631,0.052802,0.888803,0.889974,0.996743
2.insert,03_2026_NQ-HDND_707834,0.22451047,0.62681992,0.829004,0.665924,0.069934,0.89227,0.889202,0.972461
2.insert,03_2026_NQ-HDND_709377,0.2150082,0.64461248,0.839871,0.745808,0.036261,0.88333,0.880844,0.98364
2.insert,03_2026_QH16_694806,0.14266257,0.55713688,0.837454,0.703201,0.027849,0.878843,0.869007,0.998108
2.insert,04_2022_QH15_477977,0.15595984,0.62015371,0.820741,0.520507,0.056589,0.862454,0.857339,0.999363
2.insert,04_2026_NQ-HDND_707101,0.13744455,0.38122243,0.806621,0.624491,0.098638,0.939224,0.933198,0.998917
2.insert,04_2026_NQ-HDND_707533,0.23965262,0.66107679,0.831166,0.752008,0.04732,0.901895,0.89881,0.99225
2.insert,04_2026_NQ-HDND_707833,0.16010481,0.57963773,0.839313,0.593786,0.066757,0.880068,0.890694,0.998189
2.insert,04_2026_NQ-HDND_707870,0.26564496,0.62778272,0.808349,0.59287,0.064972,0.890854,0.895911,0.998167
2.insert,04_2026_QH16_681012,0.15798352,0.60836252,0.823966,0.690624,0.032292,0.856919,0.861081,0.996345
2.insert,05_2022_QH15_486445,0.13211854,0.55755611,0.836234,0.704894,0.027838,0.88826,0.873267,0.999755
2.insert,05_2026_NQ-HDND_707049,0.19892401,0.57884972,0.825033,0.648728,0.063419,0.88663,0.894177,0.991754
2.insert,05_2026_NQ-HDND_707532,0.15911156,0.60274253,0.839863,0.71079,0.030342,0.882203,0.88033,0.997756
2.insert,05_2026_NQ-HDND_707602,0.17237153,0.57464213,0.837346,0.599566,0.061336,0.895869,0.876916,0.99779
2.insert,05_2026_NQ-HDND_707832,0.19151171,0.63047712,0.801027,0.605818,0.066736,0.865709,0.856914,0.998623
2.insert,05_2026_QH16_704792,0.15165114,0.56713819,0.828043,0.653154,0.039386,0.864612,0.865228,0.997323
2.insert,06_2022_QH15_418232,0.12395333,0.54222916,0.820059,0.348863,0.045289,0.875798,0.879922,0.999675
2.insert,06_2026_NQ-HDND_707048,0.27647059,0.6698821,0.84402,0.76651,0.046244,0.910405,0.902558,0.99243
2.insert,06_2026_NQ-HDND_707604,0.36317871,0.77310924,0.825657,0.691572,0.070415,0.909127,0.88776,0.982629
2.insert,06_2026_QH16_704653,0.14353431,0.57336656,0.825055,0.628588,0.047645,0.870817,0.879223,0.997858
2.insert,07_2022_QH15_458435,0.13590145,0.59080936,0.829562,0.624002,0.028056,0.872597,0.869284,0.999884
2.insert,07_2026_NQ-HDND_707047,0.18533139,0.59516908,0.833471,0.654727,0.066218,0.898201,0.894725,0.996537
2.insert,07_2026_NQ-HDND_707601,0.25928665,0.58964143,0.754633,0.356437,0.140999,0.814398,0.86618,0.997196
2.insert,07_2026_QH16_704791,0.13464783,0.56507517,0.839186,0.621259,0.030132,0.884591,0.871951,0.999734
2.insert,08_2022_QH15_m_465916,0.13062647,0.59157531,0.834536,0.643566,0.026885,0.87929,0.87175,0.99994
2.insert,08_2026_NQ-HDND_707605,0.31412268,0.73235686,0.818676,0.698739,0.060187,0.902211,0.885969,0.95365
2.insert,08_2026_NQ-HDND_710089,0.27907504,0.71907757,0.815441,0.716896,0.051485,0.889078,0.879994,0.995546
2.insert,09_2022_QH15_m_513345,0.16130952,0.63920897,0.820915,0.627224,0.041477,0.85721,0.862593,0.99926
2.insert,09_2026_NQ-HDND_707045,0.32430191,0.80228137,0.820753,0.74279,0.042557,0.876679,0.871039,0.975019
2.insert,09_2026_NQ-HDND_707103,0.29478174,0.72357724,0.809137,0.691312,0.058623,0.875637,0.875868,0.985869
2.insert,09_2026_QH16_703956,0.3223301,0.76054591,0.750905,0.517924,0.108662,0.815248,0.861414,0.974411
2.insert,100_2025_QH15_688908,0.14523835,0.58163362,0.838983,0.748931,0.02415,0.870808,0.873893,0.999272
2.insert,101_2025_QH15_686537,0.13166476,0.55005111,0.839726,0.555259,0.037623,0.878868,0.87793,0.999112
2.insert,102_2025_QH15_624015,0.14932127,0.57735272,0.843633,0.737004,0.026801,0.879548,0.879827,0.998978
2.insert,103_2025_QH15_686538,0.1405814,0.56546822,0.83041,0.627384,0.035501,0.872479,0.86738,0.999288
2.insert,104_2025_QH15_633465,0.14941656,0.61511644,0.828185,0.74962,0.021096,0.861574,0.858243,0.999192
2.insert,105_2025_QH15_667661,0.12790444,0.5447295,0.852868,0.681379,0.027066,0.891646,0.886254,0.999692
2.insert,106_2025_QH15_628717,0.11869489,0.51742447,0.848358,0.599969,0.030885,0.898,0.891581,0.999919
2.insert,107_2025_QH15_346850,0.1450897,0.554371,0.833619,0.708917,0.037592,0.885592,0.885576,0.998099
2.insert,108_2025_QH15_675268,0.13123055,0.58071681,0.836726,0.589255,0.030122,0.882704,0.875383,0.999477
2.insert,109_2025_QH15_665870,0.14848403,0.59349468,0.835074,0.662267,0.030846,0.872336,0.871028,0.995685
2.insert,10_2022_QH15_546085,0.13118374,0.55932957,0.839027,0.487304,0.036192,0.889187,0.876841,0.999531
2.insert,10_2026_NQ-HDND_707046,0.22535211,0.64871383,0.792646,0.428644,0.119999,0.88515,0.855571,0.99099
2.insert,10_2026_NQ-HDND_707105,0.31565217,0.71466667,0.818922,0.700799,0.060433,0.901374,0.884594,0.991814
2.insert,110_2025_QH15_581160,0.13196286,0.56052031,0.835861,0.570855,0.041074,0.881545,0.872696,0.999609
2.insert,111_2025_QH15_667663,0.16161012,0.66453116,0.820464,0.742459,0.02489,0.856656,0.856433,0.998579
2.insert,112_2025_QH15_586814,0.13616075,0.57765074,0.839864,0.661051,0.032823,0.882578,0.880695,0.999732
2.insert,113_2025_QH15_443680,0.13975674,0.54752098,0.81522,0.443305,0.073784,0.879277,0.876732,0.998685
2.insert,114_2025_QH15_658530,0.13346401,0.56940464,0.819952,0.511726,0.045358,0.863469,0.866807,0.999218
2.insert,115_2025_QH15_675264,0.15260679,0.59489394,0.828612,0.689073,0.03666,0.873413,0.871457,0.999178
2.insert,116_2025_QH15_666020,0.12633135,0.54290351,0.831648,0.55348,0.050836,0.886037,0.878103,0.999506
2.insert,117_2025_QH15_685866,0.14429267,0.58662555,0.840124,0.752689,0.023114,0.876007,0.875835,0.999691
2.insert,118_2025_QH15_682798,0.13988672,0.57740864,0.815065,0.569656,0.04193,0.867876,0.871189,0.999503
2.insert,119_2025_QH15_685933,0.15850754,0.58646154,0.835376,0.504192,0.079466,0.889571,0.872972,0.995123
2.insert,11_2022_QH15_544688,0.11336338,0.50482748,0.852029,0.690293,0.023634,0.887989,0.883681,0.999485
2.insert,11_2026_NQ-HDND_707106,0.23378931,0.61947627,0.799581,0.66868,0.082265,0.890437,0.89784,0.989774
2.insert,11_2026_NQ-HDND_707159,0.42211894,0.7811245,0.85229,0.690163,0.03321,0.895003,0.893062,0.999639
2.insert,11_2026_NQ-HDND_709745,0.23285338,0.66317992,0.800455,0.586025,0.071195,0.871159,0.872185,0.976902
2.insert,120_2025_QH15_666019,0.12478358,0.53053019,0.831232,0.507251,0.041475,0.872827,0.872022,0.99986
2.insert,121_2025_QH15_689140,0.13396484,0.57264077,0.835993,0.413291,0.04661,0.876798,0.867928,0.999643
2.insert,122_2025_QH15_662035,0.14222139,0.61129881,0.838367,0.720466,0.024019,0.880158,0.866006,0.999071
2.insert,123_2025_QH15_656970,0.1462585,0.59823905,0.82613,0.59102,0.041176,0.869362,0.868769,0.997114
2.insert,124_2025_QH15_687560,0.13621614,0.59254468,0.848983,0.656109,0.027711,0.889097,0.879632,0.999135
2.insert,125_2025_QH15_663779,0.1395423,0.59451825,0.84568,0.698405,0.025094,0.883167,0.874067,0.999498
2.insert,126_2025_QH15_581548,0.12198468,0.50782963,0.856307,0.747571,0.024026,0.891911,0.892958,0.999563
2.insert,127_2025_QH15_686325,0.11895773,0.52042607,0.847801,0.680925,0.028137,0.903218,0.88983,0.999976
2.insert,128_2025_QH15_679014,0.1377945,0.58350082,0.807575,0.450663,0.040241,0.855678,0.853436,0.999564
2.insert,129_2025_QH15_675261,0.14416431,0.6014879,0.830444,0.483185,0.051036,0.864822,0.870399,0.99865
2.insert,12_2022_QH15_505749,0.12776159,0.54620864,0.847553,0.705123,0.023639,0.887461,0.881572,0.999497
2.insert,12_2026_NQ-HDND_707158,0.34300287,0.78739003,0.822906,0.704872,0.052683,0.892584,0.883263,0.970949
2.insert,12_2026_NQ-HDND_709406,0.19231967,0.6271777,0.818937,0.543643,0.084459,0.873425,0.888401,0.996566
2.insert,12_2026_NQ-HDND_709746,0.29665972,0.67741935,0.835045,0.711491,0.036683,0.882388,0.880745,0.996557
2.insert,12_NQ-HDND_707831,0.15231731,0.56551455,0.834563,0.63651,0.045553,0.888286,0.886386,0.997238
2.insert,12_NQ-HDND_708054,0.12528732,0.54421414,0.842212,0.445566,0.050831,0.894305,0.888749,0.999531
2.insert,130_2025_QH15_687674,0.11679704,0.52,0.835709,0.43015,0.043443,0.891634,0.882507,0.99969
2.insert,131_2025_QH15_675267,0.1443943,0.59920007,0.822247,0.287922,0.073768,0.86077,0.868522,0.999544
2.insert,132_2025_QH15_685733,0.15265459,0.5493477,0.831529,0.689055,0.041242,0.871724,0.872728,0.995903
2.insert,133_2025_QH15_675211,0.1295222,0.56212026,0.846702,0.660434,0.030653,0.883383,0.881356,0.999666
2.insert,134_2025_QH15_679013,0.1366241,0.56661154,0.842302,0.692731,0.028238,0.875551,0.871995,0.998667
2.insert,135_2025_QH15_675213,0.12516322,0.54269731,0.845735,0.357054,0.043616,0.893501,0.884232,0.999866
2.insert,135_NQ-CP_706738,0.18462657,0.59991639,0.843577,0.695816,0.038211,0.886779,0.88336,0.99804
2.insert,136_2025_QH15__686937,0.15671303,0.61541353,0.8029,0.620768,0.050133,0.864914,0.856078,0.997913
2.insert,137_2025_QH15_686549,0.17641443,0.65802305,0.817727,0.666023,0.034954,0.854186,0.855759,0.99719
2.insert,138_2025_QH15_686527,0.15853659,0.57918196,0.827708,0.53736,0.069943,0.876556,0.879024,0.997978
2.insert,139_2025_QH15_684512,0.15912888,0.59856631,0.814816,0.648498,0.052529,0.862683,0.865498,0.997265
2.insert,13_2022_QH15_490095,0.12679069,0.52569265,0.837427,0.526573,0.040443,0.874541,0.87369,0.999494
2.insert,13_2026_NQ-HDND_707807,0.29640947,0.72228705,0.787058,0.6324,0.078313,0.872666,0.870678,0.988002
2.insert,13_2026_NQ-HDND_709407,0.24082278,0.68613139,0.83162,0.705371,0.042915,0.89034,0.881272,0.99407
2.insert,13_2026_NQ-HDND_709751,0.33489607,0.70724638,0.822773,0.671891,0.03524,0.873033,0.874495,0.999482
2.insert,140_2025_QH15_675263,0.39777572,0.80869212,0.815801,0.665756,0.053767,0.861755,0.864764,0.999023
2.insert,140_NQ-CP_707328,0.23663751,0.65070007,0.823628,0.684514,0.054891,0.882454,0.883841,0.997695
2.insert,141_2025_QH15_686550,0.15293688,0.57748777,0.845562,0.670482,0.0369,0.881945,0.882457,0.997778
2.insert,141_NQ-CP_708014,0.29619498,0.74590164,0.788881,0.601486,0.062106,0.848897,0.84614,0.981137
2.insert,142_2025_QH15_675210,0.12648619,0.55038378,0.841559,0.560198,0.027784,0.886903,0.87738,0.999895
2.insert,143_2025_QH15_681550,0.14126083,0.53567728,0.792765,0.452996,0.074769,0.885006,0.883042,0.999903
2.insert,143_NQ-CP_709397,0.42314335,0.82941176,0.837196,0.770161,0.049947,0.906898,0.892955,0.976158
2.insert,144_2025_QH15_675260,0.13613492,0.54424559,0.841253,0.627239,0.039923,0.883862,0.88511,0.99886
2.insert,145_2025_QH15_684669,0.15093531,0.61355758,0.839246,0.753719,0.020597,0.871349,0.868413,0.997836
2.insert,146_2025_QH15_675259,0.13063478,0.56531874,0.809469,0.45785,0.065516,0.875755,0.881344,0.999886
2.insert,147_2025_QH15_675265,0.13494297,0.55323042,0.827439,0.517079,0.055487,0.87119,0.875023,0.999536
2.insert,148_2025_QH15_m_675262,0.14191582,0.60283064,0.842356,0.705109,0.023508,0.875324,0.873302,0.999584
2.insert,148_NQ-CP_710006,0.25696512,0.63571997,0.839813,0.546298,0.049217,0.89657,0.890135,0.999856
2.insert,149_2025_QH15_679698,0.4197063,0.88387097,0.768413,0.657053,0.068093,0.84603,0.809701,0.962842
2.insert,14_2022_QH15_519327,0.12585648,0.53529412,0.844914,0.680515,0.025265,0.888472,0.880403,0.999817
2.insert,14_2026_NQ-HDND_707808,0.19060068,0.60459184,0.847311,0.673966,0.042646,0.89796,0.893265,0.998579
2.insert,14_2026_NQ-HDND_709408,0.22456285,0.64520124,0.79983,0.602767,0.081493,0.88059,0.886989,0.993095
2.insert,14_2026_NQ-HDND_710206,0.17094142,0.59220848,0.80865,0.563553,0.059241,0.876102,0.877595,0.999089
2.insert,14_NQ-HDND_707830,0.22255147,0.65593705,0.775973,0.63418,0.068535,0.864576,0.858704,0.987753
2.insert,150_2025_QH15_685773,0.1369718,0.55546054,0.838829,0.759605,0.022183,0.878144,0.870892,0.999266
2.insert,15_2023_QH15_372143,0.13319271,0.58941083,0.827556,0.608609,0.031015,0.87488,0.867809,0.999817
2.insert,15_2026_NQ-HDND_707809,0.30584316,0.61834601,0.829816,0.724552,0.041636,0.879849,0.877958,0.993465
2.insert,15_2026_NQ-HDND_707811,0.3010779,0.72302558,0.828609,0.765585,0.037717,0.884491,0.871338,0.957753
2.insert,15_2026_NQ-HDND_709741,0.34889523,0.59426327,0.818979,0.585857,0.051266,0.88247,0.884527,0.999869
2.insert,15_NQ-HDND_707829,0.38682197,0.72946288,0.840614,0.673774,0.055995,0.909676,0.904592,0.998942
2.insert,16_2023_QH15_519324,0.15459886,0.5748492,0.83616,0.667071,0.026565,0.876337,0.874203,0.999697
2.insert,16_2026_NQ-HDND_707769,0.2250272,0.66091371,0.834197,0.653352,0.050677,0.896562,0.886238,0.997382
2.insert,16_2026_NQ-HDND_707810,0.22634082,0.62546262,0.839115,0.727242,0.04687,0.901834,0.893588,0.985694
2.insert,17_2023_QH15_499239,0.12037526,0.52195333,0.835111,0.631715,0.028244,0.881053,0.878358,0.999934
2.insert,17_2026_NQ-HDND_709410,0.2357586,0.63372093,0.824061,0.702899,0.04632,0.893483,0.883923,0.996591
2.insert,18_2023_QH15_519325,0.14027745,0.5925107,0.827466,0.538868,0.046564,0.872154,0.872502,0.999388
2.insert,18_2026_NQ-HDND_709411,0.23483226,0.62508568,0.815586,0.665185,0.060887,0.904808,0.898443,0.991497
2.insert,18_NQ-HDND_707827,0.36143695,0.79898649,0.8021,0.628193,0.085789,0.893989,0.87402,0.995184
2.insert,19_2023_QH15_m_500102,0.12287595,0.54009091,0.840735,0.735759,0.026847,0.887261,0.882472,0.999828
2.insert,19_2026_NQ-HDND_709412,0.17709377,0.57616005,0.794139,0.566818,0.075725,0.894734,0.890422,0.999501
2.insert,20_2023_QH15_m_513347,0.14810005,0.61908549,0.834328,0.717361,0.024861,0.875237,0.872362,0.999784
2.insert,20_2026_NQ-HDND_709415,0.22218948,0.63461538,0.81402,0.61663,0.062219,0.895964,0.885756,0.993529
2.insert,20_2026_NQ-HDND_709736,0.2616619,0.61607814,0.767738,0.287538,0.133239,0.834672,0.876229,0.999365
2.insert,20_NQ-HDND_707825,0.25084246,0.67350929,0.836317,0.726391,0.047563,0.87393,0.884372,0.997607
2.insert,21_2026_NQ-HDND_709413,0.16708178,0.58815875,0.840204,0.707855,0.0388,0.891237,0.883945,0.992594
2.insert,21_2026_NQ-HDND_709737,0.14376771,0.59058532,0.837848,0.623308,0.035689,0.8828,0.875257,0.999678
2.insert,21_NQ-HDND_707824,0.30084746,0.7597561,0.773735,0.639055,0.089985,0.861111,0.884295,0.985802
2.insert,22_2026_NQ-HDND_709414,0.17277527,0.58852691,0.83712,0.666698,0.053627,0.891782,0.895543,0.997874
2.insert,22_2026_NQ-HDND_709738,0.19259436,0.57878696,0.826666,0.682294,0.038681,0.878955,0.878829,0.999697
2.insert,23_2023_QH15_m_563579,0.1671509,0.60921366,0.818211,0.646809,0.039417,0.857567,0.860789,0.995107
2.insert,23_2026_NQ-HDND_709416,0.15889799,0.59444697,0.823377,0.64615,0.042503,0.880991,0.87443,0.996828
2.insert,23_2026_NQ-HDND_709739,0.17082434,0.55773763,0.813663,0.574292,0.0765,0.897017,0.893624,0.992676
2.insert,23_NQ-HDND_707612,0.30215024,0.68360864,0.824032,0.700684,0.052649,0.891346,0.888084,0.985974
2.insert,23_NQ-HDND_707821,0.33398886,0.7734139,0.810491,0.722451,0.044635,0.860892,0.856018,0.931316
2.insert,23_NQ-HDND_709740 (1),0.19183765,0.61973333,0.82678,0.71992,0.040641,0.882814,0.879484,0.997646
2.insert,23_NQ-HDND_709740,0.19183765,0.61973333,0.82678,0.71992,0.040641,0.882814,0.879484,0.997646
2.insert,24_2023_QH15_535782,0.12802374,0.56897667,0.839654,0.620024,0.028304,0.883188,0.877294,0.99995
2.insert,24_2026_NQ-HDND_709417,0.21796211,0.60455487,0.806032,0.569798,0.076362,0.900335,0.878721,0.993622
2.insert,24_2026_NQ-HDND_709733,0.17293428,0.58666178,0.837661,0.650392,0.032195,0.885274,0.882331,0.999313
2.insert,24_NQ-HDND_707611,0.22164948,0.62902073,0.846284,0.685673,0.049456,0.898985,0.891489,0.989776
2.insert,24_NQ-HDND_707820,0.30837636,0.74967235,0.833378,0.740523,0.045907,0.89004,0.87879,0.956353
2.insert,25_2023_QH15_548477,0.12655017,0.53365155,0.85203,0.721323,0.022535,0.890296,0.884645,0.999788
2.insert,25_2026_NQ-HDND_709430,0.24572317,0.6656,0.787724,0.391577,0.13042,0.898105,0.856626,0.99171
2.insert,25_2026_NQ-HDND_709752,0.16079494,0.5901463,0.811105,0.424474,0.075958,0.877824,0.859109,0.997925
2.insert,26_2023_QH15_m_552422,0.13827709,0.56671631,0.841629,0.646296,0.038143,0.880215,0.882526,0.999203
2.insert,26_2026_NQ-HDND_709418,0.17979706,0.58846555,0.84156,0.675747,0.049149,0.894596,0.893315,0.999117
2.insert,26_2026_NQ-HDND_709750,0.15022484,0.5774527,0.828379,0.573453,0.035985,0.88365,0.877537,0.999805
2.insert,26_NQ-HDND_709743,0.14151095,0.55340717,0.829335,0.626469,0.041563,0.879162,0.874585,0.999454
2.insert,278_NQ-UBTVQH16_709850,0.18369911,0.65642265,0.816916,0.694748,0.049198,0.893007,0.873371,0.999255
2.insert,279_NQ-UBTVQH16_709851,0.15943775,0.65056445,0.830263,0.596604,0.042696,0.870007,0.868076,0.999255
2.insert,27_2023_QH15_528669,0.13350857,0.53889235,0.834713,0.678982,0.027215,0.884216,0.882012,0.999991
2.insert,27_2026_NQ-HDND_709419,0.18104223,0.59700872,0.811549,0.467425,0.098982,0.875811,0.888948,0.998281
2.insert,27_2026_NQ-HDND_709748,0.27588476,0.66448766,0.851491,0.677513,0.03969,0.899933,0.899289,0.999274
2.insert,28_2023_QH15_583801,0.12410318,0.55107765,0.856925,0.650541,0.02572,0.899463,0.893568,0.999901
2.insert,28_2026_NQ-CP_710007,0.20778891,0.62214411,0.833151,0.733477,0.042139,0.892038,0.892139,0.98918
2.insert,28_2026_NQ-HDND_709420,0.19680055,0.61769437,0.815593,0.620852,0.060531,0.893513,0.881045,0.996752
2.insert,28_2026_NQ-HDND_710200,0.14616902,0.56792498,0.79942,0.504496,0.053887,0.870334,0.865969,0.997321
2.insert,29_2023_QH15_530116,0.12596659,0.54353242,0.843223,0.673276,0.026524,0.891772,0.88295,0.999879
2.insert,29_2026_NQ-HDND_709421,0.34143001,0.64591837,0.826151,0.740484,0.044097,0.888025,0.890265,0.999407
2.insert,30_2023_QH15_445699,0.15829478,0.60760326,0.823303,0.335283,0.08142,0.859124,0.865966,0.998381
2.insert,30_2026_NQ-HDND_709429,0.23261565,0.65947404,0.806205,0.699562,0.045623,0.869842,0.865999,0.995864
2.insert,31_2024_QH15_523642,0.13780414,0.60403481,0.825789,0.597986,0.029275,0.873775,0.87307,0.999898
2.insert,31_2026_NQ-HDND_709428,0.20510821,0.61500226,0.821833,0.620358,0.066375,0.874064,0.885937,0.995322
2.insert,32_2024_QH15_m_577203,0.12561657,0.56108815,0.835608,0.566086,0.028085,0.891834,0.877534,0.999901
2.insert,32_2026_NQ-HDND_709422,0.24903864,0.66552316,0.841636,0.734663,0.045898,0.901464,0.892665,0.982734
2.insert,33_2024_QH15_545181,0.13798733,0.57222498,0.83867,0.626864,0.028122,0.875132,0.872366,0.99946
2.insert,33_2026_NQ-HDND_709423,0.21645724,0.62784966,0.808017,0.65698,0.061235,0.874631,0.885091,0.996129
2.insert,34_2024_QH15_580434,0.11903503,0.51283547,0.851649,0.683174,0.030254,0.906839,0.890889,0.999839
2.insert,34_NQ-HDND_709431,0.33901985,0.72413793,0.819401,0.734337,0.054774,0.894996,0.886055,0.992693
2.insert,3579_QD-UBND_708038,0.55848038,0.87957038,0.821696,0.337007,0.105277,0.89444,0.856172,0.998896
2.insert,35_2024_QH15_588811,0.1293339,0.56248656,0.841757,0.729964,0.024729,0.88426,0.878402,0.999874
2.insert,35_NQ-HDND_707110,0.58158395,0.81708888,0.874099,0.645532,0.042526,0.926613,0.92792,0.999908
2.insert,36_2024_QH15_444251,0.1209497,0.5259649,0.822539,0.547411,0.041592,0.889657,0.878455,0.999984
2.insert,36_NQ-HDND_707610,0.14765133,0.55732199,0.832231,0.626381,0.049294,0.892881,0.892317,0.999144
2.insert,37_2024_QH15_588810,0.13670576,0.55872532,0.827579,0.516405,0.041987,0.871599,0.873415,0.99929
2.insert,38_2024_QH15_555033,0.12712175,0.56959118,0.859719,0.693946,0.020645,0.896404,0.889026,0.999928
2.insert,38_2026_QD-UBND_708135,0.17760115,0.60860715,0.803922,0.58617,0.062735,0.868776,0.868064,0.992802
2.insert,39_2024_QH15_575158,0.12540639,0.55071915,0.84316,0.697749,0.023867,0.888121,0.880997,0.999778
2.insert,40_2024_QH15_564046,0.17865445,0.64716312,0.823286,0.742671,0.026618,0.872079,0.854675,0.994871
2.insert,40_NQ-HDND_707111,0.65808088,0.92088547,0.85653,0.629934,0.038926,0.902404,0.901948,0.999602
2.insert,41_2019_QH14_387991,0.11727542,0.5109453,0.850427,0.690521,0.028279,0.903688,0.894114,0.999812
2.insert,41_2024_QH15_557190,0.13682164,0.59084974,0.812882,0.598043,0.032535,0.871406,0.862637,0.9999
2.insert,42_NQ-HDND_707609,0.20400919,0.59837631,0.827498,0.677567,0.046049,0.881641,0.883261,0.989587
2.insert,43_2019_QH14_367665,0.13379955,0.58269525,0.839566,0.340694,0.049876,0.875083,0.877182,0.999918
2.insert,43_2024_QH15_612195,0.29875862,0.74317618,0.738703,0.516094,0.104024,0.813111,0.846443,0.979253
2.insert,44_2024_QH15_583839,0.13709995,0.58091641,0.823368,0.644189,0.035296,0.863454,0.866864,0.998945
2.insert,44_NQ-HDND_707608,0.3506016,0.75114504,0.79449,0.675086,0.078434,0.877149,0.871043,0.994139
2.insert,45_2019_QH14_333670,0.13254222,0.58616298,0.835862,0.483244,0.032835,0.873936,0.878489,0.999789
2.insert,45_2024_QH15_583769,0.12743102,0.54007888,0.847986,0.62399,0.026133,0.892589,0.886335,0.999881
2.insert,45_NQ-HDND_707607,0.41747985,0.84615385,0.801684,0.716419,0.073306,0.908273,0.892861,0.986232
2.insert,46_2019_QH14_398157,0.12997103,0.54601282,0.849767,0.64975,0.031676,0.885899,0.885533,0.998897
2.insert,46_2024_QH15_524982,0.12542357,0.55402397,0.832131,0.678307,0.025157,0.878676,0.870592,0.999792
2.insert,46_2026_QD-UBND_708335,0.37994915,0.79595278,0.869556,0.799928,0.037619,0.921472,0.906906,0.995806
2.insert,46_NQ-HDND_707606,0.38543089,0.74063499,0.860341,0.682801,0.032937,0.898958,0.892516,0.999228
2.insert,47_2019_QH14_411945,0.1441955,0.56300219,0.816677,0.528416,0.057753,0.87262,0.867936,0.999016
2.insert,47_2024_QH15_583645,0.12777624,0.54818502,0.846596,0.640727,0.034763,0.892322,0.886957,0.999696
2.insert,47_NQ-HDND_707603,0.19088767,0.59680077,0.820726,0.612821,0.044245,0.884404,0.881884,0.999392
2.insert,48_2019_QH14_366794,0.13684779,0.57039515,0.843556,0.696306,0.02583,0.882287,0.878791,0.999413
2.insert,48_2024_QH15_556390,0.13459571,0.55277262,0.838322,0.637483,0.036394,0.877802,0.879308,0.997863
2.insert,49_2019_QH14_402073,0.14629484,0.62129308,0.820354,0.672282,0.028228,0.861363,0.859589,0.999272
2.insert,49_2024_QH15_548487,0.1193354,0.51066134,0.846636,0.487167,0.048264,0.88898,0.89093,0.999637
2.insert,50_2019_QH14_411944,0.34919473,0.78747941,0.748991,0.504265,0.121324,0.802878,0.851752,0.997828
2.insert,50_2024_QH15_445264,0.12562864,0.53279367,0.852178,0.506302,0.046647,0.894016,0.883814,0.998588
2.insert,51_2019_QH14_422706,0.16844609,0.6156611,0.812828,0.646833,0.038039,0.866525,0.857219,0.9953
2.insert,51_2024_QH15_m_505750,0.14134395,0.57292668,0.814955,0.597275,0.037861,0.866865,0.864844,0.999574
2.insert,52_2019_QH14_405729,0.14957158,0.59696459,0.819786,0.686912,0.035053,0.865985,0.859446,0.996967
2.insert,52_2024_QH15_630032,0.1674716,0.58596598,0.811335,0.645695,0.047654,0.869443,0.868482,0.995608
2.insert,53_2019_QH14_351558,0.15153697,0.62728354,0.843617,0.468722,0.052918,0.88431,0.870929,0.99872
2.insert,53_2024_QH15_m_607439,0.12708435,0.53099415,0.8349,0.70679,0.02588,0.878038,0.871583,0.999679
2.insert,54_2019_QH14_399763,0.115077,0.50936942,0.847685,0.612315,0.025422,0.891962,0.881761,0.999792
2.insert,54_2024_QH15_578531,0.11903259,0.52744342,0.849229,0.625848,0.025555,0.889982,0.88679,0.999855
2.insert,54_KH-UBND_708180,0.22737625,0.63713426,0.832513,0.693177,0.034332,0.885575,0.879096,0.999011
2.insert,55_2019_QH14_410870,0.16084393,0.61988304,0.816665,0.691722,0.037463,0.856461,0.859231,0.997714
2.insert,55_2024_QH15_621347,0.13244272,0.57683949,0.832272,0.636617,0.030587,0.87871,0.875812,0.999276
2.insert,56_2020_QH14_422707,0.13832345,0.56315152,0.844219,0.646405,0.038184,0.891657,0.878818,0.998236
2.insert,56_2024_QH15_m_622318,0.13242678,0.55334826,0.831538,0.608987,0.042354,0.884661,0.881091,0.999826
2.insert,57_2020_QH14_416260,0.13145792,0.53157076,0.842018,0.645558,0.034095,0.88238,0.875227,0.998143
2.insert,57_2024_QH15_623631,0.13553037,0.56651727,0.834847,0.614794,0.03401,0.879795,0.878281,0.999601
2.insert,58_2020_QH14_395767,0.13369611,0.55963303,0.838272,0.667834,0.027953,0.876453,0.874723,0.99963
2.insert,58_2024_QH15_m_621645,0.13085701,0.56605007,0.846358,0.539362,0.031691,0.884859,0.881991,0.999724
2.insert,58_2026_NQ-HDND_709771,0.30088714,0.75582686,0.834943,0.759721,0.043845,0.904316,0.879751,0.991225
2.insert,59_2020_QH14_427301,0.12221765,0.54140817,0.829807,0.605999,0.027942,0.880908,0.873961,0.999878
2.insert,59_2024_QH15_606865,0.12584242,0.55823886,0.820329,0.286158,0.045833,0.881058,0.868282,0.999868
2.insert,60_2020_QH14_373522,0.13849484,0.54366696,0.836667,0.678217,0.041197,0.87925,0.877636,0.995733
2.insert,60_2024_QH15_m_621343,0.15381626,0.6274266,0.829745,0.461384,0.045778,0.872021,0.863679,0.997842
2.insert,60_2026_NQ-HDND_709424,0.22807851,0.64735699,0.836241,0.687878,0.055534,0.898771,0.889609,0.995331
2.insert,61_2020_QH14_321051,0.13859154,0.54081572,0.795466,0.525204,0.070234,0.880519,0.879517,0.999914
2.insert,61_2024_QH15_613892,0.13268071,0.58337468,0.836071,0.632727,0.029215,0.880648,0.87582,0.999777
2.insert,62_2020_QH14_418229,0.13135788,0.55103899,0.848992,0.6615,0.027547,0.891201,0.883882,0.999504
2.insert,62_2025_QH15_643744,0.18103713,0.67376868,0.795859,0.552806,0.055594,0.840853,0.843004,0.997613
2.insert,63_2020_QH14_402074,0.14434136,0.60286626,0.828178,0.666417,0.029607,0.872674,0.865593,0.999474
2.insert,63_2025_QH15_639242,0.14770164,0.63018661,0.833369,0.675597,0.028956,0.873212,0.866112,0.999472
2.insert,63_2026_QD-UBND_709654,0.13734834,0.5221328,0.857955,0.636794,0.039492,0.897991,0.892335,0.997085
2.insert,64_2020_QH14_374160,0.13208161,0.56009854,0.837003,0.662953,0.024941,0.876472,0.871937,0.999776
2.insert,64_2025_QH15_639239,0.13502268,0.58268508,0.839482,0.713411,0.025402,0.881025,0.880979,0.999932
2.insert,65_2020_QH14_422708,0.19795819,0.67619886,0.812305,0.639874,0.049106,0.86362,0.854807,0.988524
2.insert,65_2025_QH15_639241,0.13483938,0.58427203,0.829231,0.595662,0.035809,0.880945,0.875021,0.999844
2.insert,66_2020_QH14_439845,0.14046065,0.58401546,0.847163,0.749398,0.025306,0.883,0.883798,0.999528
2.insert,66_2025_QH15_621225,0.19838433,0.61201335,0.784251,0.399334,0.087662,0.869614,0.869995,0.999324
2.insert,67_2020_QH14_m_373520,0.13518739,0.58609822,0.809035,0.59746,0.038233,0.863158,0.863168,0.999494
2.insert,67_2025_QH15_580594,0.13808001,0.5732521,0.837025,0.730847,0.026835,0.878422,0.876906,0.997585
2.insert,68_2020_QH14_435315,0.13404885,0.52684387,0.83178,0.677597,0.033664,0.879351,0.879546,0.999616
2.insert,68_2025_QH15_578018,0.13727211,0.5950026,0.834228,0.640472,0.028568,0.869035,0.869161,0.999801
2.insert,69_2020_QH14_439844,0.13878445,0.58149025,0.838766,0.66812,0.027987,0.886212,0.875755,0.999757
2.insert,69_2025_QH15_603983,0.13627276,0.57747343,0.842552,0.623211,0.031364,0.883358,0.8832,0.999744
2.insert,70_2020_QH14_376557,0.1562661,0.63584324,0.839769,0.727913,0.024916,0.882027,0.873742,0.999317
2.insert,70_2025_QH15_580121,0.14010957,0.58820371,0.845075,0.717183,0.028646,0.881543,0.878533,0.999124
2.insert,70_2026_NQ-HDND_709515,0.18425292,0.60958254,0.842031,0.654231,0.055871,0.902187,0.89357,0.995061
2.insert,71_2020_QH14_366792,0.16016319,0.58127634,0.815078,0.655763,0.040537,0.860441,0.862288,0.996299
2.insert,71_2025_QH15_621341,0.1367404,0.58801775,0.840916,0.560976,0.039149,0.882924,0.880493,0.999817
2.insert,72_2020_QH14_431147,0.12681655,0.56268038,0.84573,0.650107,0.023098,0.888185,0.884843,0.999873
2.insert,72_2025_QH15_649675,0.1325046,0.57861501,0.83462,0.585491,0.033688,0.883381,0.878473,0.999573
2.insert,73_2021_QH14_445185,0.12563095,0.5285805,0.83824,0.693661,0.026533,0.874955,0.875577,0.999379
2.insert,73_2025_QH15_621345,0.13419992,0.5458172,0.851278,0.728241,0.022424,0.881696,0.881572,0.999484
2.insert,74_2025_QH15_m_530912,0.14073879,0.59942178,0.833826,0.715604,0.026608,0.873221,0.86944,0.999123
2.insert,75_2025_QH15_555035,0.14313395,0.5788599,0.831595,0.611711,0.04597,0.873687,0.876972,0.997746
2.insert,76_2025_QH15_659899,0.16327645,0.58482418,0.838232,0.682304,0.045301,0.881416,0.882969,0.997439
2.insert,77_2025_QH15_643029,0.16907104,0.6327152,0.817069,0.530235,0.067763,0.85904,0.873919,0.994754
2.insert,78_2025_QH15_m_623226,0.13503159,0.57726577,0.840163,0.642629,0.033714,0.88132,0.876439,0.999369
2.insert,79_2025_QH15_660522,0.16354176,0.62260383,0.808084,0.465808,0.068183,0.845642,0.855712,0.995458
2.insert,80_2025_QH15_649688,0.14155701,0.58506812,0.836802,0.764839,0.020963,0.871853,0.8694,0.999126
2.insert,81_2025_QH15_660533,0.12618674,0.50991525,0.856564,0.701979,0.028384,0.901627,0.892233,0.999699
2.insert,82_2025_QH15_660530,0.15079834,0.57905629,0.815494,0.657585,0.042627,0.857313,0.863347,0.996712
2.insert,83_2025_QH15_663780,0.17756898,0.67034103,0.790846,0.463177,0.071107,0.842998,0.839065,0.999583
2.insert,84_2025_QH15_655378,0.11654693,0.51098065,0.845731,0.590801,0.041336,0.894283,0.884173,0.999354
2.insert,85_2025_QH15_651570,0.13124603,0.53049673,0.834485,0.632062,0.045613,0.891989,0.888725,0.999038
2.insert,86_2025_QH15_662377,0.1260635,0.5472125,0.784716,0.525785,0.052508,0.858676,0.860205,0.999684
2.insert,87_2025_QH15_662673,0.15285532,0.59572035,0.838669,0.659348,0.036657,0.8844,0.879215,0.99962
2.insert,88_2025_QH15_m_659898,0.14354736,0.58368644,0.814844,0.582249,0.047734,0.867689,0.86436,0.997213
2.insert,89_2025_QH15_650061,0.11798118,0.50831492,0.859539,0.285669,0.05196,0.901017,0.89462,0.999656
2.insert,8_2026_QH16_704810,0.1734539,0.62826603,0.820817,0.689508,0.034281,0.868811,0.862396,0.998217
2.insert,90_2025_QH15_m_662379,0.13252067,0.56571608,0.832404,0.484095,0.041303,0.879556,0.879757,0.999841
2.insert,91_2025_QH15_m_625628,0.1375102,0.55537176,0.845867,0.648688,0.029799,0.883672,0.875554,0.999532
2.insert,92_2025_QH15_659897,0.1488328,0.58571686,0.852376,0.774697,0.023655,0.886604,0.882544,0.999614
2.insert,93_2025_QH15_m_581164,0.12842811,0.56771334,0.845572,0.616646,0.030495,0.889642,0.884812,0.999626
2.insert,94_2025_QH15_643689,0.13109794,0.56239851,0.852408,0.655576,0.027268,0.8899,0.887694,0.999879
2.insert,95_2025_QH15_622480,0.14154031,0.60122882,0.836147,0.698327,0.029864,0.884817,0.875145,0.999722
2.insert,96_2025_QH15_648594,0.18906042,0.62646566,0.832605,0.728755,0.034332,0.874198,0.863461,0.998349
2.insert,97_2025_QH15_663709,0.17781416,0.60590457,0.803852,0.655607,0.0445,0.855713,0.85981,0.999159
2.insert,98_2025_QH15_662116,0.13607115,0.55699502,0.843962,0.657869,0.032992,0.889138,0.887963,0.9995
2.insert,99_2025_QH15_662829,0.13392409,0.55897716,0.816089,0.528616,0.049972,0.87768,0.871601,0.999127
3.delete,01_2021_QH15_486447,0.13485114,0.52424677,0.839047,0.682286,0.032918,0.88831,0.891198,0.999265
3.delete,01_2026_NQ-HDND_707600,0.13394197,0.58466086,0.836456,0.700161,0.028489,0.874723,0.87576,0.999915
3.delete,01_2026_NQ-HDND_707836,0.19929947,0.58823529,0.794103,0.604859,0.097789,0.833483,0.885854,0.998512
3.delete,01_2026_QH16_704788,0.11835486,0.50598802,0.833147,0.381955,0.062842,0.890237,0.870022,0.999547
3.delete,02_2021_QH15_489113,0.15667689,0.54228856,0.726917,0.377451,0.172468,0.756231,0.858479,0.998174
3.delete,02_2026_NQ-HDND_707102,0.12658484,0.52819262,0.842301,0.672692,0.050183,0.899319,0.897285,0.99948
3.delete,02_2026_NQ-HDND_707534,0.13129601,0.57540453,0.842354,0.695848,0.028224,0.88379,0.87852,0.999513
3.delete,02_2026_NQ-HDND_707835,0.27700653,0.6774723,0.831429,0.704761,0.044162,0.880842,0.881787,0.999137
3.delete,02_2026_NQ-HDND_708053,0.15301605,0.53052234,0.836013,0.704501,0.049624,0.901514,0.893449,0.998628
3.delete,02_2026_QH16_696077,0.12188401,0.53858412,0.840836,0.279155,0.056196,0.886407,0.878078,0.99995
3.delete,02_2026_UBTVQH16_708292,0.33709788,0.6969697,0.818615,0.733998,0.057095,0.863692,0.883564,0.99765
3.delete,03_2022_QH15_m_486653,0.13026243,0.53100708,0.822585,0.550631,0.061307,0.878352,0.878747,0.999132
3.delete,03_2026_NQ-HDND_707107,0.14492754,0.52108244,0.822055,0.720226,0.039716,0.87628,0.876832,0.999762
3.delete,03_2026_NQ-HDND_707251,0.14045104,0.52854671,0.831124,0.686352,0.057137,0.890976,0.893527,0.998942
3.delete,03_2026_NQ-HDND_707834,0.15479406,0.52413793,0.822993,0.668879,0.072723,0.890224,0.88884,0.997541
3.delete,03_2026_NQ-HDND_709377,0.15049207,0.552615,0.84353,0.750388,0.036544,0.886886,0.885275,0.999033
3.delete,03_2026_QH16_694806,0.13056286,0.53802149,0.837708,0.692604,0.02805,0.874115,0.868502,0.999207
3.delete,04_2022_QH15_477977,0.13814449,0.59573015,0.822962,0.587182,0.047239,0.857127,0.859635,0.99994
3.delete,04_2026_NQ-HDND_707101,0.10159261,0.33616887,0.811651,0.640654,0.097946,0.942145,0.940848,0.999566
3.delete,04_2026_NQ-HDND_707533,0.16093865,0.5348632,0.836145,0.749085,0.049453,0.906232,0.909721,0.998327
3.delete,04_2026_NQ-HDND_707833,0.13417092,0.53685197,0.840765,0.588128,0.067559,0.883169,0.894575,0.999869
3.delete,04_2026_NQ-HDND_707870,0.22625012,0.57079252,0.807767,0.584441,0.066162,0.89037,0.898815,0.999768
3.delete,04_2026_QH16_681012,0.13793436,0.57749562,0.822014,0.668447,0.034322,0.853247,0.861669,0.998984
3.delete,05_2022_QH15_486445,0.12538352,0.54569503,0.835682,0.678155,0.029047,0.885869,0.873363,0.999975
3.delete,05_2026_NQ-HDND_707049,0.13544048,0.48794063,0.826355,0.647006,0.063391,0.887617,0.899708,0.999438
3.delete,05_2026_NQ-HDND_707532,0.1425327,0.57572657,0.840694,0.668914,0.032838,0.884415,0.881866,0.999831
3.delete,05_2026_NQ-HDND_707602,0.13385275,0.5190184,0.854162,0.763003,0.032968,0.895255,0.896176,0.998199
3.delete,05_2026_NQ-HDND_707832,0.15211682,0.56669912,0.815406,0.599828,0.061677,0.873146,0.873471,0.999316
3.delete,05_2026_QH16_704792,0.13096922,0.53754081,0.829431,0.637671,0.039449,0.865946,0.866667,0.999549
3.delete,06_2022_QH15_418232,0.12107649,0.53732009,0.822557,0.64658,0.034072,0.875166,0.881772,0.999779
3.delete,06_2026_NQ-HDND_707048,0.16494118,0.52090032,0.844185,0.763043,0.047707,0.909492,0.908806,0.995741
3.delete,06_2026_NQ-HDND_707604,0.19273643,0.53277311,0.849381,0.734938,0.066273,0.918253,0.918253,0.995661
3.delete,06_2026_QH16_704653,0.13006854,0.5519103,0.825073,0.62828,0.047769,0.872206,0.879287,0.999943
3.delete,07_2022_QH15_458435,0.13347668,0.58753344,0.828511,0.625623,0.027911,0.872571,0.868028,0.999956
3.delete,07_2026_NQ-HDND_707047,0.14138791,0.53381643,0.831646,0.66332,0.067162,0.892103,0.890516,0.998943
3.delete,07_2026_NQ-HDND_707601,0.2161407,0.52868526,0.75655,0.36698,0.142216,0.816644,0.868029,0.99966
3.delete,07_2026_QH16_704791,0.12842617,0.55574889,0.841207,0.623285,0.028703,0.880075,0.873032,0.99962
3.delete,08_2022_QH15_m_465916,0.1284986,0.58861554,0.834906,0.640543,0.026457,0.877081,0.872217,0.999884
3.delete,08_2026_NQ-HDND_707605,0.19372325,0.55525965,0.821063,0.724508,0.059618,0.89146,0.892892,0.998685
3.delete,08_2026_NQ-HDND_710089,0.19088642,0.57756813,0.812784,0.708954,0.052341,0.877043,0.879306,0.99869
3.delete,09_2022_QH15_m_513345,0.14681373,0.61694176,0.822654,0.635923,0.041024,0.856564,0.864172,0.999952
3.delete,09_2026_NQ-HDND_707045,0.20210119,0.61596958,0.823343,0.73421,0.044931,0.876868,0.875945,0.966825
3.delete,09_2026_NQ-HDND_707103,0.18665329,0.55749129,0.779857,0.569901,0.099692,0.866532,0.842136,0.9992
3.delete,09_2026_QH16_703956,0.19750347,0.57940447,0.759283,0.508462,0.107986,0.819346,0.87311,0.999171
3.delete,100_2025_QH15_688908,0.13655503,0.56930083,0.838249,0.738687,0.024012,0.868207,0.874216,0.999872
3.delete,101_2025_QH15_686537,0.12469213,0.54069356,0.844131,0.747128,0.023453,0.880054,0.881525,0.999878
3.delete,102_2025_QH15_624015,0.13414549,0.55745983,0.844079,0.737722,0.026403,0.880915,0.880393,0.999948
3.delete,103_2025_QH15_686538,0.1317907,0.55217884,0.829197,0.556796,0.041183,0.872836,0.866898,0.9995
3.delete,104_2025_QH15_633465,0.13808193,0.59615116,0.827921,0.740604,0.020611,0.857427,0.857424,0.999859
3.delete,105_2025_QH15_667661,0.12193168,0.53442775,0.853701,0.685114,0.026863,0.892074,0.886987,0.999966
3.delete,106_2025_QH15_628717,0.11697955,0.51471875,0.848865,0.597496,0.03085,0.896649,0.891643,0.999997
3.delete,107_2025_QH15_346850,0.13039424,0.53386912,0.832255,0.691133,0.039334,0.886082,0.885015,0.999518
3.delete,108_2025_QH15_675268,0.1279775,0.57581843,0.836978,0.623689,0.029183,0.88425,0.875462,0.999987
3.delete,109_2025_QH15_665870,0.13274905,0.57083398,0.836074,0.663926,0.030081,0.872288,0.872148,0.999241
3.delete,10_2022_QH15_546085,0.12805725,0.55495126,0.838002,0.354459,0.04174,0.891341,0.876137,0.999962
3.delete,10_2026_NQ-HDND_707046,0.16410088,0.54421222,0.841027,0.706378,0.05055,0.889811,0.903573,0.998068
3.delete,10_2026_NQ-HDND_707105,0.19072464,0.532,0.828347,0.716083,0.057944,0.901056,0.896459,0.997847
3.delete,110_2025_QH15_581160,0.12385557,0.54810843,0.840553,0.697485,0.026575,0.877786,0.875977,0.999985
3.delete,111_2025_QH15_667663,0.15010928,0.64764123,0.820899,0.729482,0.025593,0.858297,0.857814,0.999851
3.delete,112_2025_QH15_586814,0.13221718,0.57119355,0.839717,0.644862,0.033059,0.884093,0.881236,0.999991
3.delete,113_2025_QH15_443680,0.12456134,0.5238749,0.816201,0.45491,0.073158,0.879459,0.877411,0.998302
3.delete,114_2025_QH15_658530,0.12647897,0.55818524,0.820845,0.51003,0.045188,0.863534,0.867242,0.999789
3.delete,115_2025_QH15_675264,0.13385111,0.56823728,0.829361,0.690965,0.037505,0.875145,0.873112,0.998061
3.delete,116_2025_QH15_666020,0.12214957,0.53604523,0.832305,0.525159,0.052174,0.889904,0.877366,0.999976
3.delete,117_2025_QH15_685866,0.13530973,0.57361727,0.841564,0.747119,0.023209,0.879723,0.876677,0.999843
3.delete,118_2025_QH15_682798,0.13305089,0.5676412,0.815086,0.573929,0.042728,0.870203,0.872146,0.99999
3.delete,119_2025_QH15_685933,0.13317015,0.54523077,0.853602,0.684771,0.044538,0.892572,0.890953,0.998317
3.delete,11_2022_QH15_544688,0.10995686,0.50011227,0.851977,0.670553,0.023619,0.888658,0.883636,0.999965
3.delete,11_2026_NQ-HDND_707106,0.16645941,0.51227496,0.806526,0.671299,0.083209,0.896036,0.909331,0.999417
3.delete,11_2026_NQ-HDND_707159,0.40678505,0.75538518,0.850611,0.688241,0.033699,0.888231,0.89185,0.99985
3.delete,11_2026_NQ-HDND_709745,0.1634928,0.56973501,0.803619,0.584812,0.071963,0.874155,0.880713,0.97151
3.delete,120_2025_QH15_666019,0.11997148,0.52415417,0.830904,0.505414,0.041619,0.872682,0.87237,0.999975
3.delete,121_2025_QH15_689140,0.12856723,0.56554943,0.840537,0.728267,0.023421,0.881125,0.872283,0.999991
3.delete,122_2025_QH15_662035,0.13511802,0.60014143,0.837285,0.705278,0.02477,0.877057,0.865426,0.999974
3.delete,123_2025_QH15_656970,0.13363627,0.58111205,0.827401,0.617112,0.041289,0.869288,0.870188,0.999621
3.delete,124_2025_QH15_687560,0.12859845,0.58122423,0.848872,0.645231,0.027424,0.887614,0.879753,0.999976
3.delete,125_2025_QH15_663779,0.13311634,0.58543289,0.846151,0.679976,0.026641,0.892342,0.874506,0.999961
3.delete,126_2025_QH15_581548,0.11613206,0.49890385,0.855756,0.758399,0.024306,0.891647,0.891653,0.99996
3.delete,127_2025_QH15_686325,0.11782172,0.5185748,0.847944,0.680833,0.027996,0.902676,0.889975,0.999917
3.delete,128_2025_QH15_679014,0.13401041,0.57719715,0.807832,0.633582,0.029646,0.858284,0.853144,0.999947
3.delete,129_2025_QH15_675261,0.13367565,0.58649789,0.83043,0.478596,0.050885,0.861391,0.870379,0.999767
3.delete,12_2022_QH15_505749,0.1233916,0.53985213,0.847233,0.70187,0.023302,0.885823,0.881714,0.999969
3.delete,12_2026_NQ-HDND_707158,0.19764106,0.57917889,0.836815,0.760081,0.043938,0.891035,0.896559,0.99908
3.delete,12_2026_NQ-HDND_709406,0.15246497,0.55848681,0.819753,0.540202,0.085155,0.871475,0.888837,0.998888
3.delete,12_2026_NQ-HDND_709746,0.26285369,0.62903226,0.834339,0.712652,0.037617,0.885015,0.88205,0.999533
3.delete,12_NQ-HDND_707831,0.13608327,0.53934778,0.833669,0.6323,0.046701,0.887003,0.887187,0.998622
3.delete,12_NQ-HDND_708054,0.12110919,0.53707947,0.842369,0.425588,0.051001,0.895121,0.88751,0.99977
3.delete,130_2025_QH15_687674,0.11337825,0.51497758,0.837423,0.548523,0.037227,0.892156,0.884461,0.999991
3.delete,131_2025_QH15_675267,0.13725198,0.58786768,0.822027,0.284703,0.074142,0.862615,0.869218,0.999826
3.delete,132_2025_QH15_685733,0.12929419,0.51588202,0.831013,0.678607,0.042442,0.870739,0.872603,0.999777
3.delete,133_2025_QH15_675211,0.12390194,0.55213353,0.847418,0.627709,0.031109,0.886116,0.882031,0.999849
3.delete,134_2025_QH15_679013,0.12890881,0.55310548,0.842047,0.604857,0.036009,0.877296,0.872177,0.999985
3.delete,135_2025_QH15_675213,0.12203395,0.53754128,0.84882,0.577918,0.031058,0.892906,0.887099,0.999992
3.delete,135_NQ-CP_706738,0.15164456,0.54682274,0.843041,0.714898,0.039148,0.885605,0.884794,0.999785
3.delete,136_2025_QH15__686937,0.14131825,0.58909774,0.804779,0.623576,0.050618,0.867454,0.857919,0.999353
3.delete,137_2025_QH15_686549,0.15772284,0.62876773,0.813322,0.581295,0.050171,0.85398,0.851314,0.998909
3.delete,138_2025_QH15_686527,0.12971175,0.54063975,0.827722,0.534419,0.070169,0.874542,0.87967,0.998627
3.delete,139_2025_QH15_684512,0.13651551,0.55803695,0.816118,0.646811,0.053521,0.866019,0.867198,0.999741
3.delete,13_2022_QH15_490095,0.11954705,0.51409472,0.838261,0.531859,0.041023,0.87557,0.874484,0.999589
3.delete,13_2026_NQ-HDND_707807,0.19633308,0.56242707,0.799184,0.644763,0.08081,0.873289,0.893076,0.998303
3.delete,13_2026_NQ-HDND_709407,0.1806962,0.58321168,0.832983,0.702049,0.045106,0.891302,0.887628,0.99875
3.delete,13_2026_NQ-HDND_709751,0.31680704,0.68077295,0.8219,0.685316,0.035762,0.872831,0.874194,0.99953
3.delete,140_2025_QH15_675263,0.33586654,0.73923639,0.815499,0.642896,0.055589,0.860188,0.865292,0.999708
3.delete,140_NQ-CP_707328,0.17087787,0.55195284,0.825842,0.684661,0.056847,0.884373,0.889247,0.998527
3.delete,141_2025_QH15_686550,0.13390534,0.54792007,0.849886,0.670345,0.036583,0.884235,0.88537,0.996907
3.delete,141_NQ-CP_708014,0.19621985,0.57962529,0.815508,0.746186,0.039028,0.858184,0.874088,0.99936
3.delete,142_2025_QH15_675210,0.12376151,0.54592272,0.83943,0.290576,0.04783,0.890986,0.874343,0.99997
3.delete,143_2025_QH15_681550,0.13776692,0.53112509,0.793316,0.451953,0.073736,0.883106,0.881993,0.999877
3.delete,143_NQ-CP_709397,0.29188256,0.60784314,0.798764,0.695249,0.069415,0.859715,0.849266,0.969705
3.delete,144_2025_QH15_675260,0.12457838,0.52672135,0.842082,0.650017,0.040166,0.884599,0.885769,0.998832
3.delete,145_2025_QH15_684669,0.14042553,0.59519836,0.839136,0.7476,0.020927,0.869188,0.867262,0.999902
3.delete,146_2025_QH15_675259,0.12816518,0.56172693,0.8085,0.447711,0.065671,0.876846,0.880789,0.99998
3.delete,147_2025_QH15_675265,0.12582282,0.53927959,0.826894,0.520363,0.056231,0.873085,0.874814,0.999919
3.delete,148_2025_QH15_m_675262,0.13534417,0.59235567,0.840767,0.675025,0.024917,0.874137,0.871281,0.999634
3.delete,148_NQ-CP_710006,0.25401307,0.6309467,0.839064,0.540519,0.049798,0.895827,0.889505,0.99995
3.delete,149_2025_QH15_679698,0.2022738,0.58494624,0.768654,0.681341,0.069705,0.847123,0.814901,0.9881
3.delete,14_2022_QH15_519327,0.12054138,0.5269821,0.844691,0.687567,0.025052,0.88032,0.879776,0.999976
3.delete,14_2026_NQ-HDND_707808,0.16395892,0.56547619,0.846557,0.67558,0.044052,0.899818,0.896396,0.999422
3.delete,14_2026_NQ-HDND_709408,0.15833678,0.55417957,0.798922,0.608086,0.085016,0.88285,0.890657,0.998798
3.delete,14_2026_NQ-HDND_710206,0.1603837,0.57758277,0.80716,0.566984,0.058365,0.874765,0.875144,0.99979
3.delete,14_NQ-HDND_707830,0.15408609,0.55436338,0.776606,0.629245,0.068817,0.865085,0.861852,0.998244
3.delete,150_2025_QH15_685773,0.12402638,0.53823601,0.839553,0.765849,0.021528,0.878637,0.872329,0.999372
3.delete,15_2023_QH15_372143,0.13072297,0.58551148,0.827949,0.610115,0.030711,0.874978,0.867643,0.999996
3.delete,15_2026_NQ-HDND_707809,0.26262717,0.54705323,0.83391,0.722299,0.040441,0.882845,0.883701,0.99945
3.delete,15_2026_NQ-HDND_707811,0.18544831,0.55839822,0.832085,0.772656,0.036456,0.878062,0.877861,0.953007
3.delete,15_2026_NQ-HDND_709741,0.34535969,0.58700309,0.818499,0.593954,0.051435,0.879823,0.884825,0.999991
3.delete,15_NQ-HDND_707829,0.34944367,0.67496051,0.842459,0.674216,0.057102,0.908203,0.906755,0.999669
3.delete,16_2023_QH15_519324,0.15130469,0.56955274,0.836319,0.659792,0.026144,0.877687,0.874259,0.999977
3.delete,16_2026_NQ-HDND_707769,0.18389554,0.5928934,0.836274,0.670966,0.052046,0.899849,0.89278,0.999846
3.delete,16_2026_NQ-HDND_707810,0.16401509,0.52627683,0.842446,0.71988,0.051134,0.909918,0.903986,0.979104
3.delete,17_2023_QH15_499239,0.11781447,0.51846137,0.835169,0.585415,0.029077,0.882848,0.878137,0.999898
3.delete,17_2026_NQ-HDND_709410,0.19593909,0.56553911,0.823711,0.700212,0.048539,0.895781,0.891243,0.999564
3.delete,18_2023_QH15_519325,0.13271502,0.58109843,0.826062,0.537082,0.046226,0.870532,0.870633,0.99986
3.delete,18_2026_NQ-HDND_709411,0.17458958,0.52570254,0.81343,0.646302,0.067703,0.908087,0.902805,0.994042
3.delete,18_NQ-HDND_707827,0.1792522,0.55574324,0.821298,0.672056,0.078935,0.898053,0.89377,0.993974
3.delete,19_2023_QH15_m_500102,0.11929155,0.5340894,0.841967,0.731003,0.026831,0.8843,0.882894,0.999985
3.delete,19_2026_NQ-HDND_709412,0.16102362,0.55514459,0.79108,0.550135,0.07693,0.890488,0.888465,0.998862
3.delete,20_2023_QH15_m_513347,0.14000569,0.60652087,0.834183,0.724259,0.024665,0.874343,0.872071,0.999991
3.delete,20_2026_NQ-HDND_709415,0.16678945,0.5418956,0.825436,0.693847,0.054767,0.894603,0.894678,0.999471
3.delete,20_2026_NQ-HDND_709736,0.2517639,0.59944188,0.767071,0.291166,0.13349,0.832916,0.876592,0.999745
3.delete,20_NQ-HDND_707825,0.18239259,0.54643206,0.82846,0.717489,0.051783,0.872073,0.880792,0.998912
3.delete,21_2026_NQ-HDND_709413,0.13926941,0.54294079,0.834819,0.612116,0.051761,0.894472,0.87949,0.999593
3.delete,21_2026_NQ-HDND_709737,0.13663373,0.57951378,0.838386,0.636828,0.035407,0.881463,0.876092,0.99985
3.delete,21_NQ-HDND_707824,0.18908898,0.58292683,0.771303,0.622974,0.094947,0.860581,0.891887,0.963201
3.delete,22_2026_NQ-HDND_709414,0.14408141,0.54143059,0.836033,0.669546,0.05275,0.889321,0.895169,0.999231
3.delete,22_2026_NQ-HDND_709738,0.17503318,0.55699482,0.828723,0.682786,0.038966,0.878465,0.879306,0.999896
3.delete,23_2023_QH15_m_563579,0.13827453,0.57002912,0.820759,0.657523,0.040078,0.864729,0.863347,0.999107
3.delete,23_2026_NQ-HDND_709416,0.13174485,0.55985435,0.82533,0.650528,0.044372,0.884435,0.880213,0.999317
3.delete,23_2026_NQ-HDND_709739,0.13301683,0.50157109,0.813937,0.578805,0.078323,0.896084,0.896654,0.999708
3.delete,23_NQ-HDND_707612,0.18737783,0.5158831,0.822889,0.672124,0.062862,0.895082,0.889796,0.998949
3.delete,23_NQ-HDND_707821,0.13962635,0.53625378,0.81941,0.703006,0.050063,0.870048,0.864646,0.920042
3.delete,23_NQ-HDND_709740 (1),0.1493441,0.5504,0.822069,0.561478,0.061291,0.888062,0.877492,0.998707
3.delete,23_NQ-HDND_709740,0.1493441,0.5504,0.822069,0.561478,0.061291,0.888062,0.877492,0.998707
3.delete,24_2023_QH15_535782,0.12412274,0.56211997,0.839414,0.615254,0.028469,0.88128,0.876789,0.99998
3.delete,24_2026_NQ-HDND_709417,0.15396091,0.50724638,0.826697,0.666378,0.058135,0.901056,0.90238,0.997509
3.delete,24_2026_NQ-HDND_709733,0.16219836,0.57209601,0.837759,0.654665,0.032222,0.884233,0.882838,0.99975
3.delete,24_NQ-HDND_707611,0.15010934,0.53323803,0.847595,0.67541,0.053565,0.89689,0.894636,0.99784
3.delete,24_NQ-HDND_707820,0.16781411,0.56356488,0.826252,0.691298,0.055543,0.888528,0.876914,0.988805
3.delete,25_2023_QH15_548477,0.1197985,0.52275259,0.852258,0.724366,0.022779,0.888173,0.884189,0.999738
3.delete,25_2026_NQ-HDND_709430,0.17988595,0.552,0.83278,0.720661,0.055365,0.898595,0.900447,0.998075
3.delete,25_2026_NQ-HDND_709752,0.14106404,0.5608864,0.82342,0.635145,0.045358,0.879563,0.874194,0.999781
3.delete,26_2023_QH15_m_552422,0.13098606,0.5568131,0.843017,0.624971,0.037887,0.879694,0.883505,0.999933
3.delete,26_2026_NQ-HDND_709418,0.15995896,0.55897704,0.840596,0.67965,0.051767,0.895842,0.8959,0.999343
3.delete,26_2026_NQ-HDND_709750,0.14659209,0.57183304,0.830318,0.669703,0.033201,0.884715,0.878974,0.999932
3.delete,26_NQ-HDND_709743,0.12414789,0.52750141,0.830039,0.633692,0.042297,0.879177,0.875514,0.999739
3.delete,278_NQ-UBTVQH16_709850,0.15488066,0.60462707,0.821986,0.701278,0.049865,0.890335,0.880794,0.998687
3.delete,279_NQ-UBTVQH16_709851,0.14770511,0.63008664,0.830716,0.601767,0.042775,0.869525,0.869352,0.999615
3.delete,27_2023_QH15_528669,0.13250796,0.53751539,0.833551,0.683,0.027634,0.885353,0.88159,0.999909
3.delete,27_2026_NQ-HDND_709419,0.14267745,0.54216867,0.812094,0.469451,0.098412,0.871978,0.88864,0.999399
3.delete,27_2026_NQ-HDND_709748,0.26871667,0.64912567,0.851715,0.65844,0.040793,0.902205,0.900598,0.999555
3.delete,28_2023_QH15_583801,0.12140473,0.54691467,0.857198,0.683562,0.024974,0.895405,0.893382,0.99992
3.delete,28_2026_NQ-CP_710007,0.1556514,0.543058,0.831839,0.722844,0.04709,0.893127,0.897513,0.999527
3.delete,28_2026_NQ-HDND_709420,0.15295201,0.54423592,0.791129,0.407241,0.119244,0.894394,0.856807,0.999224
3.delete,28_2026_NQ-HDND_710200,0.13479667,0.55133446,0.795643,0.44299,0.065057,0.86894,0.863857,0.999667
3.delete,29_2023_QH15_530116,0.12341814,0.53946765,0.842887,0.687564,0.026006,0.89019,0.883008,0.999997
3.delete,29_2026_NQ-HDND_709421,0.31108548,0.59863946,0.826412,0.734531,0.046482,0.893346,0.894234,0.999907
3.delete,30_2023_QH15_445699,0.14498588,0.58984478,0.822533,0.327102,0.081193,0.860669,0.865364,0.999679
3.delete,30_2026_NQ-HDND_709429,0.16773349,0.56304788,0.808661,0.690981,0.049101,0.878171,0.875027,0.999181
3.delete,31_2024_QH15_523642,0.13701765,0.60292447,0.825888,0.581679,0.029283,0.874002,0.872961,0.999977
3.delete,31_2026_NQ-HDND_709428,0.16981868,0.5576141,0.824518,0.621108,0.067077,0.876696,0.889169,0.997219
3.delete,32_2024_QH15_m_577203,0.12415115,0.55888202,0.835338,0.573059,0.028068,0.892203,0.877495,0.999998
3.delete,32_2026_NQ-HDND_709422,0.18348288,0.55660377,0.843319,0.736095,0.048262,0.901852,0.901578,0.997458
3.delete,33_2024_QH15_545181,0.13241379,0.56274777,0.837453,0.60991,0.029406,0.875513,0.870967,0.999938
3.delete,33_2026_NQ-HDND_709423,0.16659911,0.54528651,0.808053,0.655536,0.062229,0.872881,0.887017,0.99798
3.delete,34_2024_QH15_580434,0.11596103,0.50799643,0.85074,0.6746,0.030332,0.906354,0.889778,0.999715
3.delete,34_NQ-HDND_709431,0.18021092,0.51149425,0.827976,0.725036,0.057543,0.902669,0.898223,0.998886
3.delete,3579_QD-UBND_708038,0.53639958,0.84666362,0.843664,0.640516,0.042613,0.882752,0.879044,0.999911
3.delete,35_2024_QH15_588811,0.12673798,0.55803311,0.842408,0.706354,0.024922,0.886163,0.878789,0.999958
3.delete,35_NQ-HDND_707110,0.57704187,0.8101331,0.8748,0.645074,0.042275,0.926964,0.928568,0.999975
3.delete,36_2024_QH15_444251,0.11817953,0.52130913,0.822581,0.495953,0.042479,0.890207,0.878677,0.999897
3.delete,36_NQ-HDND_707610,0.12469734,0.52351097,0.833511,0.626169,0.051045,0.897832,0.895998,0.998101
3.delete,37_2024_QH15_588810,0.13050239,0.55045006,0.826024,0.50229,0.043009,0.87187,0.872004,0.999788
3.delete,38_2024_QH15_555033,0.12363578,0.56424604,0.859606,0.681342,0.021053,0.895012,0.888475,0.999678
3.delete,38_2026_QD-UBND_708135,0.14580754,0.56440826,0.80637,0.586112,0.063469,0.868668,0.871239,0.994326
3.delete,39_2024_QH15_575158,0.12295198,0.54707972,0.843629,0.66003,0.024204,0.890795,0.881543,0.999987
3.delete,40_2024_QH15_564046,0.14910009,0.60579196,0.821661,0.742006,0.025684,0.864432,0.853109,0.999742
3.delete,40_NQ-HDND_707111,0.64623249,0.90510106,0.858774,0.629934,0.037985,0.906495,0.903857,0.999975
3.delete,41_2019_QH14_387991,0.11619132,0.50934532,0.850098,0.618801,0.029301,0.901075,0.893894,0.999967
3.delete,41_2024_QH15_557190,0.13466443,0.5872467,0.812474,0.586928,0.032919,0.867678,0.862383,0.999995
3.delete,42_NQ-HDND_707609,0.15974107,0.53247373,0.826856,0.658321,0.049136,0.883833,0.888355,0.999562
3.delete,43_2019_QH14_367665,0.12982453,0.57553374,0.839498,0.341401,0.050097,0.875374,0.877603,0.999819
3.delete,43_2024_QH15_612195,0.17875862,0.58188586,0.739477,0.52535,0.100494,0.807891,0.843695,0.998902
3.delete,44_2024_QH15_583839,0.13029926,0.5704411,0.821794,0.641662,0.035699,0.8609,0.865514,0.999874
3.delete,44_NQ-HDND_707608,0.22794118,0.55725191,0.820708,0.707818,0.074166,0.880389,0.91168,0.997609
3.delete,45_2019_QH14_333670,0.13043409,0.58236609,0.835851,0.481953,0.033164,0.874716,0.878563,0.999997
3.delete,45_2024_QH15_583769,0.1253129,0.53685208,0.849437,0.694,0.024487,0.890767,0.887669,0.999954
3.delete,45_NQ-HDND_707607,0.30674586,0.61932939,0.800995,0.72615,0.073805,0.850164,0.901354,0.976667
3.delete,46_2019_QH14_398157,0.12040081,0.53212887,0.850666,0.648062,0.031734,0.88565,0.886279,0.999767
3.delete,46_2024_QH15_524982,0.12188605,0.5484589,0.832302,0.657499,0.025359,0.875215,0.871002,0.99966
3.delete,46_2026_QD-UBND_708335,0.2201235,0.57335582,0.88111,0.842852,0.032856,0.920698,0.920698,0.997719
3.delete,46_NQ-HDND_707606,0.3765921,0.72761535,0.858452,0.686995,0.034031,0.897433,0.890823,0.999809
3.delete,47_2019_QH14_411945,0.12685377,0.53597516,0.816151,0.450534,0.069806,0.873168,0.866721,0.999298
3.delete,47_2024_QH15_583645,0.12362916,0.54171334,0.846873,0.650089,0.034178,0.89,0.887065,0.999995
3.delete,47_NQ-HDND_707603,0.18486011,0.58677743,0.817935,0.489,0.051446,0.885595,0.87877,0.999305
3.delete,48_2019_QH14_366794,0.13057197,0.56059428,0.844124,0.692685,0.027504,0.886181,0.879617,0.99976
3.delete,48_2024_QH15_556390,0.12473006,0.53885797,0.838168,0.647048,0.036795,0.881935,0.879135,0.999871
3.delete,49_2019_QH14_402073,0.13990843,0.61261021,0.820941,0.680064,0.028341,0.862021,0.860507,0.999884
3.delete,49_2024_QH15_548487,0.1120619,0.50016658,0.846904,0.489686,0.048513,0.889427,0.891134,0.999928
3.delete,50_2019_QH14_411944,0.20278184,0.57495881,0.752734,0.504829,0.120358,0.806205,0.862464,0.99824
3.delete,50_2024_QH15_445264,0.11708112,0.52000736,0.850667,0.432963,0.055905,0.890859,0.88199,0.999899
3.delete,51_2019_QH14_422706,0.14668678,0.58074454,0.812627,0.604175,0.042631,0.867966,0.856891,0.999574
3.delete,51_2024_QH15_m_505750,0.13160777,0.55955606,0.815108,0.623896,0.038284,0.865892,0.865694,0.999781
3.delete,52_2019_QH14_405729,0.13446745,0.57644744,0.820012,0.695404,0.034068,0.867074,0.859407,0.999849
3.delete,52_2024_QH15_630032,0.13482076,0.54222357,0.811384,0.666553,0.046542,0.867528,0.871208,0.999081
3.delete,53_2019_QH14_351558,0.14109855,0.61160956,0.85135,0.698167,0.02443,0.887187,0.878039,0.999777
3.delete,53_2024_QH15_m_607439,0.12015542,0.52134503,0.83586,0.686502,0.025466,0.878279,0.871618,0.999632
3.delete,54_2019_QH14_399763,0.11301587,0.50601321,0.846901,0.459394,0.029876,0.891303,0.880962,0.999832
3.delete,54_2024_QH15_578531,0.11675409,0.52387696,0.849614,0.610933,0.026442,0.892629,0.88717,0.999994
3.delete,54_KH-UBND_708180,0.21546977,0.61703582,0.833944,0.698204,0.035279,0.88876,0.881722,0.999847
3.delete,55_2019_QH14_410870,0.1439848,0.59221772,0.816823,0.69265,0.036904,0.854936,0.861018,0.999463
3.delete,55_2024_QH15_621347,0.12822997,0.57021629,0.831204,0.555439,0.035418,0.875029,0.875068,0.999972
3.delete,56_2020_QH14_422707,0.12841267,0.54751515,0.844792,0.648523,0.037594,0.885581,0.879223,0.999928
3.delete,56_2024_QH15_m_622318,0.1257644,0.54431843,0.831523,0.615699,0.042502,0.88156,0.881169,0.999978
3.delete,57_2020_QH14_416260,0.11839941,0.50917574,0.843987,0.645642,0.033072,0.881016,0.876803,0.999844
3.delete,57_2024_QH15_623631,0.13038802,0.55957586,0.834921,0.63069,0.03355,0.880082,0.878281,0.999859
3.delete,58_2020_QH14_395767,0.12567781,0.54775011,0.839397,0.666473,0.027853,0.875818,0.875448,0.999894
3.delete,58_2024_QH15_m_621645,0.12796595,0.56147235,0.845932,0.52237,0.032773,0.883289,0.881722,0.999953
3.delete,58_2026_NQ-HDND_709771,0.19147363,0.59489456,0.846462,0.767915,0.040945,0.90357,0.893341,0.99058
3.delete,59_2020_QH14_427301,0.12082023,0.53912921,0.829881,0.618615,0.027738,0.879334,0.873966,0.999999
3.delete,59_2024_QH15_606865,0.12348365,0.55542398,0.821482,0.530436,0.035576,0.878237,0.870132,0.999936
3.delete,60_2020_QH14_373522,0.12187391,0.5190434,0.836975,0.67904,0.041378,0.877962,0.878475,0.99977
3.delete,60_2024_QH15_m_621343,0.14446724,0.6142297,0.836087,0.703886,0.0283,0.875381,0.868366,0.999839
3.delete,60_2026_NQ-HDND_709424,0.16793289,0.54960174,0.837294,0.679815,0.058545,0.897345,0.896582,0.999195
3.delete,61_2020_QH14_321051,0.13634997,0.53785111,0.795139,0.528287,0.070011,0.87739,0.880108,0.999994
3.delete,61_2024_QH15_613892,0.13054992,0.57992944,0.836827,0.649469,0.026659,0.884035,0.875835,0.999876
3.delete,62_2020_QH14_418229,0.12678334,0.54391602,0.848534,0.654948,0.028271,0.896798,0.883839,0.999993
3.delete,62_2025_QH15_643744,0.15747162,0.63752075,0.796645,0.539515,0.056522,0.843116,0.843914,0.999926
3.delete,63_2020_QH14_402074,0.13916183,0.59491951,0.82963,0.701099,0.027358,0.872151,0.866197,0.999899
3.delete,63_2025_QH15_639242,0.13827787,0.61613611,0.833394,0.647631,0.031655,0.873625,0.866066,0.999938
3.delete,63_2026_QD-UBND_709654,0.12393241,0.50167673,0.860067,0.636232,0.040013,0.896765,0.892549,0.998579
3.delete,64_2020_QH14_374160,0.128243,0.55259771,0.838148,0.672844,0.024402,0.878583,0.87218,0.999985
3.delete,64_2025_QH15_639239,0.13070781,0.57661044,0.839813,0.730342,0.025668,0.881853,0.881573,0.999646
3.delete,65_2020_QH14_422708,0.15887214,0.61240651,0.809184,0.624837,0.053502,0.857188,0.852783,0.998783
3.delete,65_2025_QH15_639241,0.13072186,0.57823904,0.829113,0.590623,0.035656,0.877275,0.875012,0.999861
3.delete,66_2020_QH14_439845,0.13154329,0.5693497,0.848416,0.740308,0.025196,0.885646,0.884923,0.999861
3.delete,66_2025_QH15_621225,0.18105263,0.5810901,0.784446,0.384911,0.08837,0.872198,0.868385,0.999978
3.delete,67_2020_QH14_m_373520,0.13124341,0.57988269,0.810029,0.594993,0.038422,0.863758,0.863188,0.999919
3.delete,67_2025_QH15_580594,0.12922764,0.56039068,0.836712,0.723732,0.026763,0.876414,0.876592,0.99999
3.delete,68_2020_QH14_435315,0.12651779,0.51654638,0.831021,0.66808,0.03364,0.877315,0.878434,0.999536
3.delete,68_2025_QH15_578018,0.13124221,0.58641333,0.834544,0.630336,0.028765,0.867943,0.869604,0.999992
3.delete,69_2020_QH14_439844,0.13343418,0.57312711,0.83937,0.684276,0.027872,0.885854,0.876399,0.999997
3.delete,69_2025_QH15_603983,0.13022932,0.56779777,0.840571,0.508963,0.040753,0.881958,0.880765,0.999969
3.delete,70_2020_QH14_376557,0.14737113,0.6226332,0.840183,0.728085,0.025856,0.886131,0.874229,0.999229
3.delete,70_2025_QH15_580121,0.13256217,0.57504699,0.84362,0.698389,0.028338,0.881483,0.877143,0.999951
3.delete,70_2026_NQ-HDND_709515,0.13924688,0.54222011,0.842867,0.659934,0.057951,0.903051,0.898064,0.999304
3.delete,71_2020_QH14_366792,0.12686714,0.53582179,0.819365,0.664909,0.038582,0.860266,0.866033,0.999675
3.delete,71_2025_QH15_621341,0.12988964,0.57699704,0.840993,0.549563,0.038874,0.879757,0.880148,0.999956
3.delete,72_2020_QH14_431147,0.1256207,0.56104197,0.845073,0.563245,0.025508,0.887161,0.884021,0.999995
3.delete,72_2025_QH15_649675,0.12848553,0.57208741,0.835103,0.585491,0.033487,0.883547,0.879094,0.999724
3.delete,73_2021_QH14_445185,0.11869706,0.51929184,0.836895,0.715274,0.027263,0.875104,0.87434,0.999977
3.delete,73_2025_QH15_621345,0.12257081,0.52974305,0.851643,0.720877,0.02262,0.883308,0.881807,0.999491
3.delete,74_2025_QH15_m_530912,0.13377309,0.58866046,0.833759,0.723013,0.026579,0.873893,0.868767,0.999842
3.delete,75_2025_QH15_555035,0.12677168,0.55592488,0.832759,0.613231,0.046494,0.874685,0.878295,0.999716
3.delete,76_2025_QH15_659899,0.13754266,0.54102406,0.839304,0.678683,0.046838,0.889647,0.884751,0.999749
3.delete,77_2025_QH15_643029,0.14184825,0.59590368,0.818814,0.533483,0.067792,0.86144,0.876127,0.999726
3.delete,78_2025_QH15_m_623226,0.12814799,0.56612836,0.841565,0.638085,0.033632,0.885112,0.877448,0.99993
3.delete,79_2025_QH15_660522,0.14510631,0.59544728,0.808615,0.464483,0.067944,0.849837,0.855331,0.99914
3.delete,80_2025_QH15_649688,0.13060705,0.56980926,0.837387,0.760363,0.02168,0.874474,0.869835,0.998745
3.delete,81_2025_QH15_660533,0.11811318,0.49716119,0.857809,0.701766,0.029169,0.903067,0.893526,0.999202
3.delete,82_2025_QH15_660530,0.13164718,0.55173841,0.815993,0.644029,0.042456,0.855863,0.864237,0.994238
3.delete,83_2025_QH15_663780,0.16236015,0.64433345,0.78938,0.437364,0.072317,0.845186,0.837926,0.999777
3.delete,84_2025_QH15_655378,0.11186262,0.50375082,0.845071,0.585966,0.041581,0.896945,0.883818,0.999843
3.delete,85_2025_QH15_651570,0.1224539,0.51712696,0.834638,0.611291,0.045801,0.894469,0.889761,0.999081
3.delete,86_2025_QH15_662377,0.12238261,0.54076667,0.786513,0.524288,0.052304,0.859018,0.861183,0.999721
3.delete,87_2025_QH15_662673,0.13504835,0.5713819,0.840453,0.695909,0.034906,0.884644,0.880784,0.999713
3.delete,88_2025_QH15_m_659898,0.13284229,0.56853814,0.815378,0.594983,0.047387,0.868722,0.865638,0.99848
3.delete,89_2025_QH15_650061,0.11499249,0.5033151,0.859748,0.287443,0.051802,0.900083,0.894618,0.999981
3.delete,8_2026_QH16_704810,0.15022111,0.5932304,0.818667,0.695087,0.035338,0.864123,0.86225,0.999546
3.delete,90_2025_QH15_m_662379,0.13004028,0.56164212,0.830619,0.475662,0.042314,0.877645,0.879085,0.999994
3.delete,91_2025_QH15_m_625628,0.1297284,0.54395832,0.849407,0.764959,0.022728,0.889931,0.878897,0.999981
3.delete,92_2025_QH15_659897,0.13161117,0.56125202,0.854053,0.775325,0.023293,0.886974,0.883382,0.999574
3.delete,93_2025_QH15_m_581164,0.12453385,0.56290367,0.846751,0.632952,0.02885,0.89076,0.88603,0.999979
3.delete,94_2025_QH15_643689,0.12746003,0.55693295,0.853253,0.671469,0.026352,0.890343,0.887708,0.999981
3.delete,95_2025_QH15_622480,0.13640334,0.59192317,0.834494,0.696157,0.030459,0.886486,0.874282,0.999956
3.delete,96_2025_QH15_648594,0.14865638,0.56616415,0.836127,0.73248,0.035507,0.877905,0.867648,0.99893
3.delete,97_2025_QH15_663709,0.14335828,0.55681428,0.806687,0.659641,0.044985,0.858357,0.864879,0.999146
3.delete,98_2025_QH15_662116,0.12812149,0.54672565,0.846201,0.67023,0.032243,0.887063,0.889369,0.999985
3.delete,99_2025_QH15_662829,0.12611849,0.54603571,0.817139,0.526648,0.050515,0.878995,0.873012,0.999814
4.modify,01_2021_QH15_486447,0.14464552,0.54088953,0.838892,0.705196,0.03302,0.887017,0.890274,0.999812
4.modify,01_2026_NQ-HDND_707600,0.13712213,0.59172278,0.835096,0.690792,0.027874,0.876217,0.874547,0.999922
4.modify,01_2026_NQ-HDND_707836,0.14115587,0.56535948,0.773476,0.606884,0.097981,0.870442,0.872969,0.999917
4.modify,01_2026_QH16_704788,0.1186121,0.51470971,0.838621,0.737973,0.027919,0.888058,0.877822,0.999912
4.modify,02_2021_QH15_489113,0.13270142,0.53606965,0.659895,0.303905,0.197158,0.78095,0.797095,0.9987
4.modify,02_2026_NQ-HDND_707102,0.1305638,0.53520268,0.842752,0.669976,0.050258,0.900119,0.895328,0.99995
4.modify,02_2026_NQ-HDND_707534,0.1366483,0.58662352,0.839326,0.702921,0.027768,0.886753,0.877087,0.999921
4.modify,02_2026_NQ-HDND_707835,0.26799669,0.6774723,0.818896,0.653497,0.049126,0.876134,0.872761,0.99993
4.modify,02_2026_NQ-HDND_708053,0.13447703,0.53178099,0.835437,0.692382,0.049605,0.893554,0.889175,0.998975
4.modify,02_2026_QH16_696077,0.1283208,0.55007726,0.842847,0.725717,0.024725,0.883195,0.881337,0.999913
4.modify,02_2026_UBTVQH16_708292,0.2936345,0.68421053,0.794793,0.667617,0.077601,0.879537,0.880633,0.999802
4.modify,03_2022_QH15_m_486653,0.13426623,0.54154431,0.815214,0.516377,0.063214,0.879477,0.873559,0.999892
4.modify,03_2026_NQ-HDND_707107,0.13398961,0.52422907,0.823551,0.717936,0.040439,0.880743,0.876377,0.999932
4.modify,03_2026_NQ-HDND_707251,0.13417071,0.53373702,0.830258,0.679312,0.053012,0.888692,0.888894,0.999849
4.modify,03_2026_NQ-HDND_707834,0.12711006,0.5164751,0.822682,0.656407,0.07319,0.893271,0.892906,0.999751
4.modify,03_2026_NQ-HDND_709377,0.14024057,0.56080655,0.841323,0.745353,0.037147,0.88312,0.883583,0.999766
4.modify,03_2026_QH16_694806,0.12707865,0.54039347,0.837273,0.728909,0.026769,0.877559,0.871177,0.99997
4.modify,04_2022_QH15_477977,0.1417302,0.605807,0.826087,0.653794,0.032674,0.860293,0.862986,0.999528
4.modify,04_2026_NQ-HDND_707101,0.09839284,0.34215501,0.812095,0.646307,0.0963,0.939914,0.939951,0.999967
4.modify,04_2026_NQ-HDND_707533,0.13026608,0.52780229,0.83232,0.749874,0.050265,0.906586,0.906586,0.999884
4.modify,04_2026_NQ-HDND_707833,0.12422736,0.53966271,0.836671,0.578231,0.067871,0.884113,0.891715,0.99987
4.modify,04_2026_NQ-HDND_707870,0.20689655,0.56322351,0.800067,0.535838,0.075272,0.888483,0.893734,0.999993
4.modify,04_2026_QH16_681012,0.13730782,0.58712785,0.815093,0.667891,0.036056,0.846472,0.859034,0.999648
4.modify,05_2022_QH15_486445,0.13322233,0.56259066,0.832531,0.72809,0.026293,0.874469,0.871091,0.999802
4.modify,05_2026_NQ-HDND_707049,0.12858104,0.49536178,0.822969,0.638044,0.059853,0.88711,0.887178,0.999784
4.modify,05_2026_NQ-HDND_707532,0.13948946,0.58411789,0.839039,0.707652,0.029689,0.881271,0.880632,0.999061
4.modify,05_2026_NQ-HDND_707602,0.1273746,0.52392638,0.849948,0.748953,0.032469,0.893928,0.893638,0.999832
4.modify,05_2026_NQ-HDND_707832,0.13520328,0.56669912,0.810905,0.62237,0.060102,0.874619,0.872329,0.999816
4.modify,05_2026_QH16_704792,0.12887176,0.54363439,0.82718,0.646712,0.039589,0.864796,0.866051,0.999958
4.modify,06_2022_QH15_418232,0.12909629,0.55137789,0.817323,0.586256,0.037462,0.879462,0.879697,0.999827
4.modify,06_2026_NQ-HDND_707048,0.13647059,0.50589496,0.846269,0.776164,0.045147,0.905619,0.905619,0.999937
4.modify,06_2026_NQ-HDND_707604,0.14850773,0.5092437,0.850976,0.740068,0.063089,0.913847,0.913847,0.999396
4.modify,06_2026_QH16_704653,0.13351046,0.56339978,0.819336,0.628681,0.049386,0.869536,0.878729,0.999913
4.modify,07_2022_QH15_458435,0.14027543,0.59784209,0.82585,0.603114,0.029903,0.869467,0.867608,0.999862
4.modify,07_2026_NQ-HDND_707047,0.1279867,0.5294686,0.835264,0.650198,0.069123,0.90486,0.903838,0.999923
4.modify,07_2026_NQ-HDND_707601,0.2132643,0.53705179,0.754481,0.363492,0.141768,0.812456,0.866463,0.999904
4.modify,07_2026_QH16_704791,0.13108817,0.5627088,0.836932,0.601067,0.032069,0.879436,0.870644,0.999945
4.modify,08_2022_QH15_m_465916,0.13475463,0.599176,0.830116,0.638477,0.028215,0.881196,0.868878,0.999861
4.modify,08_2026_NQ-HDND_707605,0.14721826,0.53262317,0.819717,0.728411,0.056726,0.883576,0.88452,0.999778
4.modify,08_2026_NQ-HDND_710089,0.14305146,0.55136268,0.812354,0.698563,0.052352,0.873833,0.877598,0.999973
4.modify,09_2022_QH15_m_513345,0.15017507,0.63095609,0.816297,0.594694,0.049401,0.857543,0.862063,0.9999
4.modify,09_2026_NQ-HDND_707045,0.15869505,0.60202788,0.823069,0.725528,0.046524,0.876586,0.873933,0.999871
4.modify,09_2026_NQ-HDND_707103,0.1487707,0.54703833,0.820904,0.69548,0.061797,0.894266,0.893751,0.999756
4.modify,09_2026_QH16_703956,0.1592233,0.57320099,0.751917,0.513905,0.111192,0.822682,0.866793,0.999679
4.modify,100_2025_QH15_688908,0.13954402,0.57736458,0.834949,0.737877,0.024035,0.866063,0.873218,0.999949
4.modify,101_2025_QH15_686537,0.12644396,0.546198,0.839538,0.689735,0.026054,0.874004,0.878296,0.999954
4.modify,102_2025_QH15_624015,0.13567699,0.56495792,0.841549,0.741578,0.026871,0.875541,0.879416,0.999682
4.modify,103_2025_QH15_686538,0.13174419,0.55671165,0.828754,0.646773,0.033817,0.86762,0.866652,0.999896
4.modify,104_2025_QH15_633465,0.13829464,0.60437875,0.82697,0.756785,0.019851,0.859757,0.857689,0.999806
4.modify,105_2025_QH15_667661,0.12370894,0.5400771,0.846244,0.455296,0.049107,0.888099,0.881312,0.999963
4.modify,106_2025_QH15_628717,0.12129747,0.52220527,0.846537,0.627056,0.029681,0.892434,0.890689,0.99996
4.modify,107_2025_QH15_346850,0.12759688,0.53468919,0.83045,0.705501,0.037346,0.881817,0.883143,0.999734
4.modify,108_2025_QH15_675268,0.13470402,0.58680175,0.834732,0.658494,0.027995,0.876297,0.874504,0.999851
4.modify,109_2025_QH15_665870,0.13203844,0.57330045,0.834889,0.688802,0.028456,0.871635,0.873395,0.999939
4.modify,10_2022_QH15_546085,0.13511463,0.5668548,0.838324,0.636537,0.029464,0.889398,0.877135,0.999502
4.modify,10_2026_NQ-HDND_707046,0.13347527,0.53456592,0.835059,0.701994,0.053491,0.901608,0.903471,0.999639
4.modify,10_2026_NQ-HDND_707105,0.15014493,0.52533333,0.824164,0.721906,0.055932,0.8902,0.888159,0.999755
4.modify,110_2025_QH15_581160,0.12522461,0.55426472,0.837101,0.681343,0.030353,0.880576,0.874348,0.999946
4.modify,111_2025_QH15_667663,0.15294546,0.65672685,0.818219,0.732161,0.026881,0.858177,0.855852,0.999822
4.modify,112_2025_QH15_586814,0.14102748,0.58653451,0.83435,0.489038,0.038997,0.883098,0.877095,0.999727
4.modify,113_2025_QH15_443680,0.13065994,0.54050343,0.81334,0.449789,0.075425,0.879448,0.876744,0.999887
4.modify,114_2025_QH15_658530,0.13349964,0.57292605,0.816742,0.51049,0.047075,0.864396,0.867726,0.999761
4.modify,115_2025_QH15_675264,0.13661902,0.58081472,0.829911,0.686976,0.03692,0.873975,0.87362,0.999888
4.modify,116_2025_QH15_666020,0.12763672,0.54782472,0.829575,0.546696,0.051654,0.886115,0.87749,0.999898
4.modify,117_2025_QH15_685866,0.13896381,0.5821931,0.837721,0.742754,0.023861,0.877052,0.874982,0.999905
4.modify,118_2025_QH15_682798,0.13838434,0.57740864,0.809663,0.555032,0.044979,0.865804,0.870501,0.999886
4.modify,119_2025_QH15_685933,0.12681926,0.55138462,0.844991,0.679006,0.052273,0.889947,0.884338,0.999567
4.modify,11_2022_QH15_544688,0.11427125,0.50856972,0.850336,0.713754,0.022015,0.886844,0.882853,0.999934
4.modify,11_2026_NQ-HDND_707106,0.13767987,0.50818331,0.788392,0.658502,0.08389,0.898633,0.901412,0.999762
4.modify,11_2026_NQ-HDND_707159,0.40448099,0.75684556,0.843517,0.614801,0.039102,0.888909,0.887095,0.999772
4.modify,11_2026_NQ-HDND_709745,0.14677195,0.56206416,0.789848,0.591182,0.075808,0.868432,0.871982,0.99996
4.modify,120_2025_QH15_666019,0.12292494,0.5304153,0.829054,0.494895,0.04208,0.873802,0.871696,0.999932
4.modify,121_2025_QH15_689140,0.13313649,0.57367113,0.835392,0.684071,0.026179,0.874799,0.868421,0.999628
4.modify,122_2025_QH15_662035,0.13874673,0.60925591,0.836553,0.73874,0.023207,0.873484,0.865517,0.999455
4.modify,123_2025_QH15_656970,0.14338861,0.59872151,0.826713,0.586187,0.042804,0.868403,0.871421,0.999571
4.modify,124_2025_QH15_687560,0.13850665,0.60046899,0.847969,0.651384,0.028808,0.887484,0.880952,0.999792
4.modify,125_2025_QH15_663779,0.14175699,0.60207665,0.847842,0.717497,0.023578,0.882192,0.877008,0.999709
4.modify,126_2025_QH15_581548,0.12201942,0.51237081,0.852901,0.745665,0.024746,0.892601,0.89304,0.999729
4.modify,127_2025_QH15_686325,0.12220082,0.52580026,0.845741,0.677929,0.028294,0.894036,0.888964,0.99995
4.modify,128_2025_QH15_679014,0.14061968,0.58943906,0.801962,0.598898,0.03239,0.857889,0.84888,0.999644
4.modify,129_2025_QH15_675261,0.13820208,0.59826782,0.828762,0.482292,0.051176,0.866639,0.870949,0.999912
4.modify,12_2022_QH15_505749,0.13370964,0.55725363,0.840808,0.705172,0.024247,0.879944,0.876427,0.999795
4.modify,12_2026_NQ-HDND_707158,0.15046223,0.55571848,0.835165,0.757131,0.047747,0.892494,0.897581,0.999951
4.modify,12_2026_NQ-HDND_709406,0.14032174,0.56495769,0.787533,0.468408,0.119488,0.866276,0.859979,0.999767
4.modify,12_2026_NQ-HDND_709746,0.2560656,0.63058313,0.825861,0.685944,0.040676,0.878737,0.874173,0.999809
4.modify,12_NQ-HDND_707831,0.13432708,0.5483304,0.83016,0.617572,0.048973,0.881338,0.885049,0.999919
4.modify,12_NQ-HDND_708054,0.13533068,0.56233726,0.837127,0.406917,0.050943,0.886335,0.884658,0.999575
4.modify,130_2025_QH15_687674,0.11999876,0.52581166,0.834191,0.542824,0.038222,0.885959,0.882929,0.999909
4.modify,131_2025_QH15_675267,0.14079517,0.59736689,0.82072,0.28963,0.074147,0.863381,0.869401,0.999954
4.modify,132_2025_QH15_685733,0.12317302,0.51786727,0.82951,0.678965,0.040772,0.87009,0.873168,0.99987
4.modify,133_2025_QH15_675211,0.13618214,0.57406243,0.8447,0.627262,0.032577,0.883622,0.881669,0.999608
4.modify,134_2025_QH15_679013,0.14196546,0.57828004,0.839526,0.700901,0.025689,0.873844,0.871277,0.998913
4.modify,135_2025_QH15_675213,0.12966576,0.55021231,0.843602,0.543182,0.033984,0.891774,0.88544,0.999766
4.modify,135_NQ-CP_706738,0.13737961,0.54807692,0.838245,0.673055,0.043875,0.892249,0.885987,0.999907
4.modify,136_2025_QH15__686937,0.13566387,0.5924812,0.808925,0.624441,0.048872,0.869303,0.861114,0.999951
4.modify,137_2025_QH15_686549,0.15244699,0.63297872,0.821835,0.726872,0.029533,0.849416,0.857935,0.999885
4.modify,138_2025_QH15_686527,0.13029525,0.54981647,0.81804,0.543007,0.076801,0.876257,0.873939,0.996192
4.modify,139_2025_QH15_684512,0.13245823,0.56989247,0.806454,0.593507,0.06289,0.856923,0.857349,0.998479
4.modify,13_2022_QH15_490095,0.12307001,0.52239046,0.835557,0.53268,0.040892,0.871708,0.874341,0.999485
4.modify,13_2026_NQ-HDND_707807,0.14616756,0.54842474,0.804234,0.655609,0.08241,0.89948,0.892074,0.999868
4.modify,13_2026_NQ-HDND_709407,0.14905063,0.57226277,0.828683,0.718183,0.04463,0.886598,0.883262,0.999931
4.modify,13_2026_NQ-HDND_709751,0.31527196,0.68541063,0.822216,0.670619,0.036856,0.874935,0.874687,0.999939
4.modify,140_2025_QH15_675263,0.33271548,0.745329,0.809451,0.610593,0.060148,0.861139,0.861119,0.999906
4.modify,140_NQ-CP_707328,0.14642047,0.54384672,0.820756,0.644925,0.059794,0.886094,0.887499,0.999781
4.modify,141_2025_QH15_686550,0.1307106,0.55281403,0.844203,0.708047,0.03271,0.879393,0.883141,0.999942
4.modify,141_NQ-CP_708014,0.14797314,0.56323185,0.803974,0.707098,0.0512,0.878243,0.878243,0.999605
4.modify,142_2025_QH15_675210,0.12699615,0.55297514,0.838801,0.608276,0.025639,0.880503,0.875306,0.999974
4.modify,143_2025_QH15_681550,0.14286055,0.53985936,0.7909,0.471671,0.073009,0.884662,0.882539,0.999955
4.modify,143_NQ-CP_709397,0.16666667,0.52352941,0.844852,0.779308,0.050327,0.907212,0.907212,0.999881
4.modify,144_2025_QH15_675260,0.13168372,0.54287845,0.832982,0.614721,0.045774,0.883154,0.880284,0.999717
4.modify,145_2025_QH15_684669,0.14091104,0.60328669,0.840784,0.747758,0.020864,0.872115,0.869938,0.999933
4.modify,146_2025_QH15_675259,0.14165792,0.58246908,0.803501,0.437976,0.067318,0.867986,0.879073,0.999711
4.modify,147_2025_QH15_675265,0.13057133,0.5518582,0.821724,0.493975,0.057944,0.871538,0.871119,0.999803
4.modify,148_2025_QH15_m_675262,0.14626755,0.61330561,0.838057,0.746749,0.021532,0.87166,0.870347,0.999705
4.modify,148_NQ-CP_710006,0.25956635,0.64120923,0.835751,0.539495,0.050887,0.893898,0.888837,0.999784
4.modify,149_2025_QH15_679698,0.13358598,0.54623656,0.79335,0.719176,0.049165,0.847851,0.843084,0.999954
4.modify,14_2022_QH15_519327,0.12368532,0.53465473,0.841144,0.624357,0.029804,0.881461,0.87787,0.999929
4.modify,14_2026_NQ-HDND_707808,0.16825397,0.58163265,0.844919,0.685191,0.043956,0.894216,0.894727,0.999678
4.modify,14_2026_NQ-HDND_709408,0.14456836,0.55232198,0.789114,0.600939,0.085049,0.878394,0.877259,0.999941
4.modify,14_2026_NQ-HDND_710206,0.15991577,0.57944422,0.80542,0.548792,0.058391,0.875784,0.875629,0.999938
4.modify,14_NQ-HDND_707830,0.13053649,0.54577969,0.778013,0.609849,0.076251,0.87495,0.874236,0.99995
4.modify,150_2025_QH15_685773,0.12684886,0.5461764,0.836647,0.759917,0.023376,0.883364,0.872151,0.99996
4.modify,15_2023_QH15_372143,0.13619646,0.59565588,0.82507,0.60955,0.031672,0.87196,0.866952,0.999933
4.modify,15_2026_NQ-HDND_707809,0.25416404,0.54895437,0.832348,0.723085,0.040964,0.880397,0.881851,0.99994
4.modify,15_2026_NQ-HDND_707811,0.15703087,0.55283648,0.831228,0.7756,0.038003,0.883769,0.87814,0.999985
4.modify,15_2026_NQ-HDND_709741,0.3492605,0.59751646,0.818333,0.590523,0.051989,0.884542,0.886019,0.999918
4.modify,15_NQ-HDND_707829,0.34466273,0.67733017,0.838648,0.634717,0.059971,0.910994,0.908151,0.999853
4.modify,16_2023_QH15_519324,0.15649747,0.57915257,0.833264,0.662524,0.02696,0.876584,0.872513,0.999764
4.modify,16_2026_NQ-HDND_707769,0.16724701,0.59035533,0.830604,0.648185,0.053006,0.892016,0.886789,0.999834
4.modify,16_2026_NQ-HDND_707810,0.1348204,0.51739452,0.841562,0.720523,0.049798,0.902735,0.897044,0.999855
4.modify,17_2023_QH15_499239,0.1260187,0.5316442,0.831422,0.651885,0.029364,0.879457,0.876805,0.999854
4.modify,17_2026_NQ-HDND_709410,0.17890581,0.56765328,0.825603,0.719509,0.049027,0.900605,0.891463,0.999913
4.modify,18_2023_QH15_519325,0.13850178,0.59265335,0.819504,0.300668,0.063765,0.870156,0.867361,0.999898
4.modify,18_2026_NQ-HDND_709411,0.15745896,0.52638794,0.823569,0.677768,0.058944,0.907854,0.905717,0.999686
4.modify,18_NQ-HDND_707827,0.14369501,0.54054054,0.812755,0.636142,0.086256,0.894545,0.887021,0.999904
4.modify,19_2023_QH15_m_500102,0.12373851,0.5426945,0.837687,0.627571,0.029576,0.878886,0.881176,0.999939
4.modify,19_2026_NQ-HDND_709412,0.16206156,0.56102892,0.791137,0.538487,0.077289,0.88719,0.886571,0.999933
4.modify,20_2023_QH15_m_513347,0.14445314,0.61693837,0.832497,0.711848,0.025479,0.873301,0.871417,0.99988
4.modify,20_2026_NQ-HDND_709415,0.1404155,0.53777473,0.818052,0.64141,0.058419,0.887063,0.890635,0.999796
4.modify,20_2026_NQ-HDND_709736,0.25543281,0.60845766,0.765694,0.27434,0.134703,0.823773,0.875657,0.999737
4.modify,20_NQ-HDND_707825,0.12994945,0.52981427,0.820793,0.701759,0.052344,0.876378,0.870569,0.999813
4.modify,21_2026_NQ-HDND_709413,0.13864674,0.55562785,0.844043,0.714533,0.039303,0.894175,0.89059,0.999601
4.modify,21_2026_NQ-HDND_709737,0.14121122,0.59027563,0.827234,0.330732,0.068819,0.878965,0.865752,0.999855
4.modify,21_NQ-HDND_707824,0.1440678,0.57439024,0.752392,0.60082,0.093785,0.86157,0.863694,0.999493
4.modify,22_2026_NQ-HDND_709414,0.13627669,0.54992918,0.829934,0.66802,0.055712,0.887705,0.888462,0.99987
4.modify,22_2026_NQ-HDND_709738,0.17765375,0.56415727,0.823179,0.683385,0.038503,0.870943,0.876029,0.999884
4.modify,23_2023_QH15_m_563579,0.13513193,0.57320625,0.817332,0.618996,0.042006,0.86333,0.8623,0.999911
4.modify,23_2026_NQ-HDND_709416,0.13809878,0.57237142,0.820459,0.627157,0.044946,0.883372,0.87542,0.999757
4.modify,23_2026_NQ-HDND_709739,0.12378075,0.50392773,0.816234,0.571855,0.079532,0.893528,0.894812,0.997984
4.modify,23_NQ-HDND_707612,0.13767104,0.49174079,0.824231,0.686575,0.059406,0.88989,0.889232,0.999777
4.modify,23_NQ-HDND_707821,0.13831531,0.54229607,0.818367,0.698661,0.053088,0.873175,0.862306,0.999925
4.modify,23_NQ-HDND_709740 (1),0.13106851,0.5504,0.83685,0.736781,0.037256,0.884674,0.886734,0.999883
4.modify,23_NQ-HDND_709740,0.13106851,0.5504,0.83685,0.736781,0.037256,0.884674,0.886734,0.999883
4.modify,24_2023_QH15_535782,0.13213939,0.57725646,0.835573,0.611732,0.029493,0.877849,0.875031,0.999733
4.modify,24_2026_NQ-HDND_709417,0.13307474,0.50379572,0.818706,0.672251,0.056445,0.894097,0.896443,0.999908
4.modify,24_2026_NQ-HDND_709733,0.17547332,0.5953646,0.838532,0.668297,0.033189,0.888728,0.883279,0.999477
4.modify,24_NQ-HDND_707611,0.13714464,0.53323803,0.846293,0.679658,0.052824,0.891122,0.892123,0.999727
4.modify,24_NQ-HDND_707820,0.14142283,0.55832241,0.824121,0.695304,0.053432,0.883972,0.873577,0.999889
4.modify,25_2023_QH15_548477,0.13031082,0.54240255,0.847983,0.711181,0.023562,0.885546,0.882686,0.999803
4.modify,25_2026_NQ-HDND_709430,0.15102817,0.5528,0.82998,0.721634,0.054376,0.900204,0.902176,0.999765
4.modify,25_2026_NQ-HDND_709752,0.14629392,0.57766781,0.818026,0.64286,0.045414,0.87466,0.870621,0.998763
4.modify,26_2023_QH15_m_552422,0.13787297,0.56962025,0.836787,0.553859,0.0445,0.877864,0.881266,0.999661
4.modify,26_2026_NQ-HDND_709418,0.16537453,0.57907098,0.837768,0.696761,0.051254,0.893531,0.894918,0.999298
4.modify,26_2026_NQ-HDND_709750,0.15063364,0.57942602,0.826247,0.598127,0.034576,0.879275,0.877128,0.999958
4.modify,26_NQ-HDND_709743,0.12535087,0.53651211,0.827688,0.615179,0.041682,0.872465,0.872814,0.999897
4.modify,278_NQ-UBTVQH16_709850,0.15029927,0.61947514,0.815631,0.683454,0.051897,0.884711,0.877635,0.99972
4.modify,279_NQ-UBTVQH16_709851,0.1545611,0.64859543,0.821506,0.607355,0.050313,0.86842,0.867963,0.999762
4.modify,27_2023_QH15_528669,0.13845956,0.54710111,0.828478,0.681751,0.028668,0.880981,0.879001,0.999869
4.modify,27_2026_NQ-HDND_709419,0.13530997,0.54507686,0.790503,0.469101,0.11437,0.867576,0.867724,0.999847
4.modify,27_2026_NQ-HDND_709748,0.27183323,0.66301683,0.851991,0.688701,0.040346,0.902915,0.90207,0.999726
4.modify,28_2023_QH15_583801,0.13118182,0.56338943,0.852751,0.626782,0.029053,0.894141,0.891801,0.999807
4.modify,28_2026_NQ-CP_710007,0.14309273,0.5506737,0.833126,0.719013,0.043518,0.892238,0.898147,0.999799
4.modify,28_2026_NQ-HDND_709420,0.13361722,0.54369973,0.822922,0.646657,0.056483,0.888667,0.888519,0.999982
4.modify,28_2026_NQ-HDND_710200,0.1384413,0.56191392,0.797838,0.586947,0.04957,0.868137,0.866898,0.999815
4.modify,29_2023_QH15_530116,0.12800536,0.54903953,0.840551,0.704705,0.027078,0.894264,0.881926,0.99986
4.modify,29_2026_NQ-HDND_709421,0.30949978,0.60952381,0.823201,0.700736,0.047497,0.893255,0.895182,0.999906
4.modify,30_2023_QH15_445699,0.14522622,0.59444883,0.822258,0.338661,0.080519,0.860126,0.866799,0.997986
4.modify,30_2026_NQ-HDND_709429,0.15638638,0.57113958,0.81196,0.688723,0.04931,0.882005,0.877551,0.99978
4.modify,31_2024_QH15_523642,0.14360044,0.61334461,0.82294,0.610684,0.030333,0.872599,0.870995,0.999804
4.modify,31_2026_NQ-HDND_709428,0.16250731,0.5612291,0.814042,0.627532,0.071456,0.881922,0.882601,0.999716
4.modify,32_2024_QH15_m_577203,0.13091123,0.56994376,0.832187,0.557309,0.028969,0.887357,0.876048,0.999909
4.modify,32_2026_NQ-HDND_709422,0.14557773,0.54116638,0.836641,0.729412,0.048942,0.903054,0.895572,0.999886
4.modify,33_2024_QH15_545181,0.13847994,0.57501239,0.836092,0.619054,0.028269,0.875672,0.870296,0.999507
4.modify,33_2026_NQ-HDND_709423,0.14065667,0.53912508,0.801841,0.645987,0.062274,0.875165,0.87673,0.999859
4.modify,34_2024_QH15_580434,0.12217802,0.51863546,0.848585,0.7085,0.029164,0.901113,0.888572,0.999942
4.modify,34_NQ-HDND_709431,0.15694789,0.51005747,0.824907,0.707012,0.060406,0.90584,0.894108,0.999913
4.modify,3579_QD-UBND_708038,0.5296982,0.84392139,0.842204,0.649727,0.041917,0.885746,0.877047,0.999932
4.modify,35_2024_QH15_588811,0.13337048,0.5701035,0.839124,0.713595,0.024895,0.881764,0.877539,0.99986
4.modify,35_NQ-HDND_707110,0.57736394,0.81253757,0.873688,0.646713,0.040995,0.922322,0.925857,0.999965
4.modify,36_2024_QH15_444251,0.12407533,0.53119921,0.819757,0.539169,0.041196,0.881409,0.876741,0.999774
4.modify,36_NQ-HDND_707610,0.1283293,0.53649798,0.835117,0.61096,0.049362,0.893107,0.89416,0.9998
4.modify,37_2024_QH15_588810,0.13386048,0.55799942,0.821377,0.504697,0.043602,0.865402,0.869637,0.999928
4.modify,38_2024_QH15_555033,0.13152837,0.57848582,0.859387,0.704819,0.020223,0.89432,0.889954,0.999875
4.modify,38_2026_QD-UBND_708135,0.14528634,0.57400407,0.793493,0.565459,0.070764,0.870809,0.867265,0.999941
4.modify,39_2024_QH15_575158,0.12975623,0.55884237,0.84159,0.73605,0.023849,0.884103,0.880959,0.999921
4.modify,40_2024_QH15_564046,0.14465033,0.60992908,0.82281,0.719264,0.027455,0.86526,0.854966,0.999964
4.modify,40_NQ-HDND_707111,0.64407283,0.90481232,0.857726,0.658144,0.036926,0.906125,0.904373,0.999991
4.modify,41_2019_QH14_387991,0.12107794,0.51738884,0.847546,0.6933,0.028641,0.903606,0.893136,0.99988
4.modify,41_2024_QH15_557190,0.14103229,0.59776563,0.809739,0.569947,0.034162,0.870723,0.862101,0.999861
4.modify,42_NQ-HDND_707609,0.14815202,0.53629417,0.822318,0.678949,0.049474,0.897056,0.894693,0.999922
4.modify,43_2019_QH14_367665,0.14067447,0.59490136,0.838417,0.348885,0.049673,0.87894,0.878419,0.999673
4.modify,43_2024_QH15_612195,0.13213793,0.54962779,0.667837,0.326714,0.178036,0.813212,0.7656,0.999957
4.modify,44_2024_QH15_583839,0.13604521,0.58269793,0.817556,0.617733,0.037598,0.864784,0.863526,0.99987
4.modify,44_NQ-HDND_707608,0.15508021,0.52366412,0.820574,0.708142,0.077354,0.911899,0.911025,0.999867
4.modify,45_2019_QH14_333670,0.13689583,0.59378079,0.833031,0.480823,0.034024,0.871058,0.87676,0.999859
4.modify,45_2024_QH15_583769,0.13715216,0.55529092,0.843877,0.685979,0.025348,0.889081,0.883135,0.999758
4.modify,45_NQ-HDND_707607,0.16291896,0.53254438,0.810093,0.725768,0.070133,0.899151,0.899151,0.999784
4.modify,46_2019_QH14_398157,0.13094959,0.5507298,0.842868,0.636665,0.035658,0.880774,0.880462,0.999744
4.modify,46_2024_QH15_524982,0.12691305,0.55800514,0.827823,0.677845,0.026822,0.87794,0.868878,0.999805
4.modify,46_2026_QD-UBND_708335,0.16563749,0.53625632,0.881577,0.828973,0.037484,0.922482,0.920367,0.999792
4.modify,46_NQ-HDND_707606,0.36899471,0.72750114,0.854416,0.692851,0.034107,0.899228,0.887493,0.998591
4.modify,47_2019_QH14_411945,0.12601658,0.54200146,0.823274,0.693882,0.041205,0.875842,0.874901,0.9999
4.modify,47_2024_QH15_583645,0.13743434,0.56349305,0.83997,0.575058,0.038786,0.883183,0.882477,0.999425
4.modify,47_NQ-HDND_707603,0.19093299,0.60037073,0.818002,0.573096,0.045628,0.883114,0.88279,0.999771
4.modify,48_2019_QH14_366794,0.13224552,0.56666148,0.840392,0.660056,0.030502,0.884867,0.877262,0.999937
4.modify,48_2024_QH15_556390,0.12616217,0.54493919,0.838686,0.642208,0.033577,0.875799,0.880804,0.999938
4.modify,49_2019_QH14_402073,0.1422348,0.61888859,0.820795,0.674866,0.027634,0.861808,0.860592,0.999973
4.modify,49_2024_QH15_548487,0.1148786,0.5069965,0.844184,0.494808,0.048381,0.88747,0.889625,0.99994
4.modify,50_2019_QH14_411944,0.13030747,0.53047776,0.70057,0.481719,0.148049,0.824855,0.824117,0.999911
4.modify,50_2024_QH15_445264,0.12425706,0.53564529,0.852009,0.67097,0.029576,0.89121,0.884349,0.999392
4.modify,51_2019_QH14_422706,0.13966578,0.58459564,0.808596,0.637512,0.040704,0.864704,0.855858,0.99994
4.modify,51_2024_QH15_m_505750,0.13877551,0.5727519,0.806875,0.581631,0.042492,0.862871,0.862275,0.999716
4.modify,52_2019_QH14_405729,0.13581212,0.58206858,0.822269,0.691811,0.035715,0.874941,0.862451,0.999942
4.modify,52_2024_QH15_630032,0.13169172,0.54586877,0.812956,0.683218,0.045846,0.870265,0.870748,0.999857
4.modify,53_2019_QH14_351558,0.14357018,0.6193925,0.849774,0.701448,0.02782,0.885928,0.877894,0.999942
4.modify,53_2024_QH15_m_607439,0.1253683,0.53216374,0.830761,0.695079,0.028778,0.873237,0.870232,0.999478
4.modify,54_2019_QH14_399763,0.12406539,0.52399905,0.842948,0.648363,0.025637,0.891134,0.88014,0.999535
4.modify,54_2024_QH15_578531,0.12323374,0.53499594,0.846667,0.725424,0.024267,0.889613,0.885816,0.99985
4.modify,54_KH-UBND_708180,0.22063021,0.63330599,0.828791,0.696063,0.03819,0.885294,0.881423,0.999817
4.modify,55_2019_QH14_410870,0.13765044,0.59469186,0.811961,0.645163,0.040875,0.853357,0.857831,0.99992
4.modify,55_2024_QH15_621347,0.13822118,0.58780917,0.82693,0.667951,0.030974,0.872234,0.872908,0.999464
4.modify,56_2020_QH14_422707,0.12937437,0.55612121,0.838623,0.631011,0.042486,0.879807,0.874812,0.999438
4.modify,56_2024_QH15_m_622318,0.1308336,0.55464856,0.82579,0.613443,0.045996,0.882059,0.878461,0.999789
4.modify,57_2020_QH14_416260,0.12316627,0.52566096,0.835961,0.621838,0.041917,0.877969,0.872635,0.999818
4.modify,57_2024_QH15_623631,0.13565398,0.5683756,0.8319,0.609915,0.032331,0.878012,0.875932,0.999418
4.modify,58_2020_QH14_395767,0.12677383,0.55307995,0.836178,0.667073,0.028247,0.876959,0.873751,0.999973
4.modify,58_2024_QH15_m_621645,0.1363326,0.57514325,0.842247,0.551963,0.032632,0.882816,0.880433,0.999852
4.modify,58_2026_NQ-HDND_709771,0.15746673,0.58934517,0.844426,0.778448,0.040649,0.903178,0.890291,0.999875
4.modify,59_2020_QH14_427301,0.13255477,0.55769853,0.825039,0.610808,0.028711,0.873402,0.871541,0.999705
4.modify,59_2024_QH15_606865,0.12982205,0.56503339,0.819152,0.559841,0.035951,0.877556,0.868788,0.999855
4.modify,60_2020_QH14_373522,0.12697615,0.53427812,0.830153,0.663915,0.044452,0.878022,0.873412,0.999757
4.modify,60_2024_QH15_m_621343,0.15003778,0.62637468,0.831288,0.677022,0.029568,0.867999,0.865663,0.99981
4.modify,60_2026_NQ-HDND_709424,0.13849319,0.54308472,0.836999,0.687173,0.059244,0.894673,0.89463,0.999173
4.modify,61_2020_QH14_321051,0.14197023,0.54749356,0.792257,0.522023,0.070456,0.877377,0.879162,0.99992
4.modify,61_2024_QH15_613892,0.13973664,0.5951436,0.832001,0.621212,0.027318,0.879139,0.873262,0.999835
4.modify,62_2020_QH14_418229,0.13216657,0.55435947,0.842875,0.579552,0.032559,0.882964,0.880425,0.999779
4.modify,62_2025_QH15_643744,0.15108929,0.64333149,0.783983,0.556135,0.069414,0.844509,0.8369,0.999583
4.modify,63_2020_QH14_402074,0.14033484,0.59960606,0.826563,0.696982,0.027805,0.86843,0.864667,0.999892
4.modify,63_2025_QH15_639242,0.14349502,0.62908891,0.829546,0.703772,0.029068,0.869041,0.864338,0.999779
4.modify,63_2026_QD-UBND_709654,0.12569187,0.51307847,0.855949,0.659315,0.040318,0.898301,0.893594,0.999323
4.modify,64_2020_QH14_374160,0.1331414,0.56245174,0.833231,0.66765,0.026291,0.875613,0.871112,0.999871
4.modify,64_2025_QH15_639239,0.13466632,0.58377764,0.837478,0.714128,0.025711,0.879502,0.878965,0.999766
4.modify,65_2020_QH14_422708,0.14992708,0.6225253,0.808159,0.694382,0.040304,0.860202,0.854315,0.999859
4.modify,65_2025_QH15_639241,0.13855813,0.59211914,0.825232,0.594064,0.036204,0.874791,0.872408,0.999708
4.modify,66_2020_QH14_439845,0.13146939,0.57503411,0.846016,0.750764,0.025297,0.882371,0.883686,0.999528
4.modify,66_2025_QH15_621225,0.17561812,0.58798665,0.781933,0.455302,0.088816,0.870191,0.868199,0.99981
4.modify,67_2020_QH14_m_373520,0.13593172,0.58889959,0.805544,0.522275,0.039949,0.860392,0.860653,0.999526
4.modify,67_2025_QH15_580594,0.13179017,0.56870709,0.833509,0.720012,0.026188,0.876317,0.875636,0.999942
4.modify,68_2020_QH14_435315,0.12826967,0.52235522,0.826643,0.6985,0.033232,0.873958,0.875842,0.999957
4.modify,68_2025_QH15_578018,0.13673423,0.59728006,0.83056,0.648392,0.028371,0.865756,0.867208,0.999922
4.modify,69_2020_QH14_439844,0.14106471,0.58672981,0.834863,0.685097,0.028007,0.874819,0.873003,0.999882
4.modify,69_2025_QH15_603983,0.13493987,0.57863178,0.841094,0.715229,0.026935,0.882832,0.883289,0.999696
4.modify,70_2020_QH14_376557,0.15135306,0.6319683,0.834765,0.61894,0.029574,0.87956,0.870192,0.999909
4.modify,70_2025_QH15_580121,0.13888779,0.58927772,0.841404,0.683575,0.030474,0.883968,0.877231,0.999789
4.modify,70_2026_NQ-HDND_709515,0.12968184,0.54411765,0.83897,0.656049,0.058067,0.89567,0.893426,0.999793
4.modify,71_2020_QH14_366792,0.12818319,0.54425045,0.815108,0.651788,0.038597,0.858426,0.862114,0.999363
4.modify,71_2025_QH15_621341,0.13767753,0.59252959,0.839274,0.555325,0.040704,0.881281,0.880747,0.999818
4.modify,72_2020_QH14_431147,0.1352107,0.57607323,0.842002,0.662809,0.024009,0.886375,0.883697,0.999795
4.modify,72_2025_QH15_649675,0.13678848,0.58617142,0.831704,0.622581,0.031755,0.879293,0.876951,0.999606
4.modify,73_2021_QH14_445185,0.12156144,0.52651635,0.836028,0.706904,0.026772,0.876405,0.874149,0.999889
4.modify,73_2025_QH15_621345,0.12812694,0.54253197,0.850448,0.730976,0.022489,0.881272,0.882624,0.99991
4.modify,74_2025_QH15_m_530912,0.13762533,0.59789592,0.829547,0.648357,0.030965,0.873322,0.868463,0.99995
4.modify,75_2025_QH15_555035,0.12852991,0.56489945,0.827366,0.614574,0.055521,0.876367,0.877131,0.999899
4.modify,76_2025_QH15_659899,0.12812287,0.54441703,0.828219,0.679117,0.048829,0.871072,0.877069,0.999863
4.modify,77_2025_QH15_643029,0.14776363,0.61389427,0.805835,0.538957,0.074973,0.858196,0.86546,0.999751
4.modify,78_2025_QH15_m_623226,0.13782472,0.58436586,0.835971,0.627826,0.03374,0.874851,0.874847,0.999814
4.modify,79_2025_QH15_660522,0.14272899,0.59864217,0.807376,0.463536,0.068525,0.84894,0.857586,0.999925
4.modify,80_2025_QH15_649688,0.13622611,0.58310627,0.835831,0.760403,0.022008,0.873853,0.870433,0.999906
4.modify,81_2025_QH15_660533,0.12162667,0.50654159,0.851672,0.693945,0.030067,0.898293,0.889007,0.999886
4.modify,82_2025_QH15_660530,0.13082837,0.55815397,0.806504,0.562004,0.049725,0.85245,0.860645,0.999946
4.modify,83_2025_QH15_663780,0.16470916,0.65690665,0.787534,0.449639,0.071832,0.841005,0.837655,0.999669
4.modify,84_2025_QH15_655378,0.11567081,0.51190476,0.842598,0.582874,0.042217,0.893647,0.882712,0.999842
4.modify,85_2025_QH15_651570,0.12304589,0.5223968,0.831746,0.574637,0.047613,0.889804,0.887452,0.999972
4.modify,86_2025_QH15_662377,0.12391088,0.54559037,0.779608,0.50086,0.054239,0.853541,0.858109,0.999986
4.modify,87_2025_QH15_662673,0.13621602,0.57758902,0.840872,0.726163,0.031425,0.8793,0.882102,0.999976
4.modify,88_2025_QH15_m_659898,0.13324491,0.57319915,0.809037,0.528295,0.050486,0.864569,0.860395,0.999905
4.modify,89_2025_QH15_650061,0.12413533,0.5189667,0.854901,0.287751,0.051867,0.898707,0.89271,0.999762
4.modify,8_2026_QH16_704810,0.14553495,0.60124703,0.821012,0.68893,0.034248,0.870478,0.862757,0.99909
4.modify,90_2025_QH15_m_662379,0.13601866,0.57220307,0.828517,0.49983,0.04146,0.876232,0.878794,0.999914
4.modify,91_2025_QH15_m_625628,0.13432156,0.55429658,0.843036,0.699411,0.024204,0.878031,0.874449,0.999909
4.modify,92_2025_QH15_659897,0.13556109,0.57312466,0.849997,0.780679,0.023536,0.886043,0.881629,0.999858
4.modify,93_2025_QH15_m_581164,0.14176165,0.58966607,0.843177,0.633757,0.029696,0.884532,0.884842,0.999502
4.modify,94_2025_QH15_643689,0.13860446,0.57582479,0.846993,0.573332,0.032426,0.888026,0.884481,0.999707
4.modify,95_2025_QH15_622480,0.1410579,0.6023622,0.832824,0.688978,0.031677,0.884405,0.873885,0.999919
4.modify,96_2025_QH15_648594,0.13379074,0.56281407,0.836745,0.738036,0.030654,0.871165,0.867825,0.999962
4.modify,97_2025_QH15_663709,0.14382601,0.57088912,0.806429,0.67333,0.042936,0.854401,0.864424,0.999696
4.modify,98_2025_QH15_662116,0.1347878,0.55841694,0.839041,0.661599,0.036355,0.879196,0.886227,0.99965
4.modify,99_2025_QH15_662829,0.12959726,0.55468933,0.810643,0.503161,0.054177,0.874971,0.868292,0.999942
5.layout,01_2021_QH15_486447,0.15100214,0.53658537,0.839828,0.688072,0.033104,0.888466,0.891358,0.999335
5.layout,01_2026_NQ-HDND_707600,0.12359751,0.55756282,0.837738,0.704726,0.026667,0.879823,0.874935,0.998823
5.layout,01_2026_NQ-HDND_707836,0.13660245,0.56045752,0.774578,0.603797,0.099235,0.873652,0.876964,0.999223
5.layout,01_2026_QH16_704788,0.11180976,0.50403541,0.838108,0.736236,0.027493,0.884092,0.877653,0.999273
5.layout,02_2021_QH15_489113,0.12740452,0.53482587,0.664521,0.303905,0.201166,0.789753,0.799823,0.99772
5.layout,02_2026_NQ-HDND_707102,0.11882924,0.50594331,0.844143,0.671852,0.050935,0.903963,0.899901,0.998223
5.layout,02_2026_NQ-HDND_707534,0.1210623,0.54735707,0.841578,0.705773,0.027515,0.884142,0.87796,0.997913
5.layout,02_2026_NQ-HDND_707835,0.26156109,0.67254822,0.820855,0.684545,0.045782,0.879123,0.875347,0.998487
5.layout,02_2026_NQ-HDND_708053,0.12562258,0.51227187,0.838577,0.694248,0.049554,0.897975,0.892453,0.997118
5.layout,02_2026_QH16_696077,0.11754317,0.52994012,0.844264,0.735525,0.023992,0.885417,0.882016,0.999555
5.layout,02_2026_UBTVQH16_708292,0.29055441,0.67145136,0.796845,0.686784,0.072708,0.882124,0.882722,0.998947
5.layout,03_2022_QH15_m_486653,0.12368192,0.52375194,0.820703,0.538112,0.061775,0.883509,0.878819,0.998434
5.layout,03_2026_NQ-HDND_707107,0.1208641,0.49528005,0.825401,0.723505,0.039157,0.88184,0.879331,0.997914
5.layout,03_2026_NQ-HDND_707251,0.11932629,0.50735294,0.833782,0.689846,0.052265,0.892548,0.892542,0.998894
5.layout,03_2026_NQ-HDND_707834,0.12002026,0.50727969,0.822327,0.657922,0.073994,0.893494,0.893037,0.99901
5.layout,03_2026_NQ-HDND_709377,0.12793876,0.53560176,0.843775,0.749503,0.035841,0.887697,0.886982,0.999487
5.layout,03_2026_QH16_694806,0.12406956,0.53899819,0.838004,0.733235,0.025768,0.87912,0.871677,0.99886
5.layout,04_2022_QH15_477977,0.13463426,0.60256191,0.826519,0.660716,0.031709,0.860638,0.862863,0.996798
5.layout,04_2026_NQ-HDND_707101,0.09126609,0.32325142,0.808183,0.642413,0.095431,0.939086,0.937522,0.999003
5.layout,04_2026_NQ-HDND_707533,0.12416851,0.51191527,0.834567,0.750969,0.049448,0.907503,0.906212,0.98468
5.layout,04_2026_NQ-HDND_707833,0.11730718,0.53029357,0.834146,0.558071,0.068372,0.881729,0.89067,0.997861
5.layout,04_2026_NQ-HDND_707870,0.20895962,0.5556545,0.775568,0.28912,0.148761,0.895071,0.858664,0.996197
5.layout,04_2026_QH16_681012,0.12699407,0.56895797,0.820852,0.668511,0.033643,0.851724,0.861132,0.995582
5.layout,05_2022_QH15_486445,0.11992068,0.54279375,0.835965,0.738511,0.025607,0.880158,0.874126,0.999055
5.layout,05_2026_NQ-HDND_707049,0.11392065,0.47371676,0.823018,0.636247,0.059759,0.889961,0.889961,0.998585
5.layout,05_2026_NQ-HDND_707532,0.12926962,0.56344658,0.842324,0.70233,0.028646,0.881922,0.882181,0.998397
5.layout,05_2026_NQ-HDND_707602,0.11783244,0.50633947,0.848033,0.751696,0.031798,0.892277,0.892144,0.996633
5.layout,05_2026_NQ-HDND_707832,0.12585356,0.55355404,0.812625,0.62369,0.05827,0.877435,0.875316,0.999389
5.layout,05_2026_QH16_704792,0.12033559,0.52687704,0.830515,0.649935,0.03872,0.867803,0.869491,0.997893
5.layout,06_2022_QH15_418232,0.11365134,0.51909703,0.822254,0.63219,0.032968,0.879112,0.876582,0.99955
5.layout,06_2026_NQ-HDND_707048,0.13035294,0.49410504,0.846646,0.774236,0.046655,0.908732,0.908732,0.997929
5.layout,06_2026_NQ-HDND_707604,0.13915858,0.49411765,0.849759,0.741709,0.066106,0.918863,0.918863,0.996676
5.layout,06_2026_QH16_704653,0.12095045,0.53986711,0.821627,0.621934,0.04702,0.872994,0.876517,0.99711
5.layout,07_2022_QH15_458435,0.1294711,0.57746521,0.82854,0.63088,0.028079,0.870708,0.868922,0.999476
5.layout,07_2026_NQ-HDND_707047,0.11998753,0.51256039,0.835118,0.65177,0.068203,0.906022,0.90437,0.997521
5.layout,07_2026_NQ-HDND_707601,0.20644313,0.52151394,0.759996,0.360673,0.139503,0.823174,0.869508,0.997092
5.layout,07_2026_QH16_704791,0.12469627,0.5549137,0.837648,0.62094,0.031153,0.877743,0.870777,0.99909
5.layout,08_2022_QH15_m_465916,0.125391,0.58018611,0.83049,0.336922,0.037312,0.876546,0.868491,0.999365
5.layout,08_2026_NQ-HDND_707605,0.1363766,0.51131824,0.827763,0.739367,0.05712,0.897398,0.897398,0.996835
5.layout,08_2026_NQ-HDND_710089,0.13829064,0.54402516,0.812435,0.703094,0.051895,0.875525,0.878707,0.999349
5.layout,09_2022_QH15_m_513345,0.13869048,0.61133603,0.82154,0.633975,0.045979,0.862957,0.863985,0.998758
5.layout,09_2026_NQ-HDND_707045,0.15316561,0.59695817,0.824527,0.726446,0.047959,0.88155,0.878136,0.995806
5.layout,09_2026_NQ-HDND_707103,0.1384847,0.53077816,0.824084,0.697274,0.062309,0.901686,0.898332,0.977099
5.layout,09_2026_QH16_703956,0.15284327,0.56451613,0.750399,0.507657,0.11428,0.824946,0.869105,0.956062
5.layout,100_2025_QH15_688908,0.13127523,0.56560099,0.837844,0.747611,0.023965,0.873139,0.874386,0.999355
5.layout,101_2025_QH15_686537,0.12030388,0.53801997,0.842797,0.721844,0.024599,0.877168,0.880692,0.999471
5.layout,102_2025_QH15_624015,0.12318134,0.53404744,0.846618,0.738093,0.026064,0.882951,0.881586,0.997098
5.layout,103_2025_QH15_686538,0.12267442,0.53590193,0.832876,0.674085,0.031994,0.870711,0.870029,0.999373
5.layout,104_2025_QH15_633465,0.12984685,0.58987589,0.829507,0.761734,0.019628,0.863963,0.859645,0.999463
5.layout,105_2025_QH15_667661,0.11402141,0.51535292,0.85039,0.572601,0.037095,0.891779,0.884996,0.999435
5.layout,106_2025_QH15_628717,0.11582386,0.51557319,0.848532,0.63097,0.028785,0.893675,0.891054,0.99959
5.layout,107_2025_QH15_346850,0.11890642,0.51664753,0.831668,0.708708,0.036134,0.882932,0.88382,0.997426
5.layout,108_2025_QH15_675268,0.12757672,0.57931727,0.836014,0.659979,0.026949,0.878795,0.874857,0.999341
5.layout,109_2025_QH15_665870,0.12459394,0.5561893,0.836705,0.693526,0.027934,0.875663,0.874927,0.997416
5.layout,10_2022_QH15_546085,0.12420984,0.54650248,0.840497,0.637888,0.027543,0.886724,0.877642,0.999143
5.layout,10_2026_NQ-HDND_707046,0.11726171,0.49758842,0.838769,0.696762,0.05512,0.909505,0.907478,0.998801
5.layout,10_2026_NQ-HDND_707105,0.13623188,0.5,0.822774,0.717024,0.0603,0.897705,0.895921,0.999308
5.layout,110_2025_QH15_581160,0.11694618,0.5366895,0.836925,0.68557,0.0295,0.879669,0.87342,0.99919
5.layout,111_2025_QH15_667663,0.14454101,0.64298195,0.820214,0.735845,0.026721,0.86402,0.856889,0.999562
5.layout,112_2025_QH15_586814,0.12794199,0.56218639,0.838569,0.66387,0.032464,0.886795,0.881042,0.999515
5.layout,113_2025_QH15_443680,0.11669108,0.51624714,0.816026,0.462766,0.072384,0.880927,0.877298,0.998418
5.layout,114_2025_QH15_658530,0.12225588,0.5575301,0.819107,0.50251,0.045744,0.866442,0.8672,0.999598
5.layout,115_2025_QH15_675264,0.1245559,0.5552844,0.832364,0.684236,0.035935,0.877097,0.875522,0.997237
5.layout,116_2025_QH15_666020,0.11846452,0.53416052,0.829807,0.539533,0.049974,0.885472,0.877011,0.999393
5.layout,117_2025_QH15_685866,0.13004611,0.56995568,0.838759,0.742997,0.023478,0.876931,0.875448,0.998949
5.layout,118_2025_QH15_682798,0.1290245,0.5627907,0.807164,0.369504,0.059562,0.870351,0.866163,0.999482
5.layout,119_2025_QH15_685933,0.11603599,0.52953846,0.846819,0.687345,0.050496,0.890887,0.886253,0.995283
5.layout,11_2022_QH15_544688,0.10829376,0.50130978,0.851101,0.725839,0.021176,0.887129,0.882838,0.999391
5.layout,11_2026_NQ-HDND_707106,0.12240185,0.47954173,0.796067,0.656584,0.083707,0.905141,0.907681,0.99855
5.layout,11_2026_NQ-HDND_707159,0.39109363,0.74132895,0.842798,0.599433,0.04344,0.892796,0.886155,0.999206
5.layout,11_2026_NQ-HDND_709745,0.13531506,0.53974895,0.796387,0.609129,0.076528,0.883088,0.886054,0.984507
5.layout,120_2025_QH15_666019,0.11697984,0.5250158,0.829312,0.497796,0.041654,0.869639,0.871384,0.999499
5.layout,121_2025_QH15_689140,0.12291578,0.55203346,0.839444,0.688855,0.025192,0.874139,0.871657,0.999637
5.layout,122_2025_QH15_662035,0.12852815,0.58497682,0.83683,0.743246,0.022683,0.875447,0.864746,0.999287
5.layout,123_2025_QH15_656970,0.12808248,0.57327222,0.827716,0.616862,0.038504,0.868912,0.869124,0.999082
5.layout,124_2025_QH15_687560,0.12559649,0.58090078,0.846823,0.663094,0.026822,0.88942,0.878229,0.998635
5.layout,125_2025_QH15_663779,0.12915674,0.58413498,0.846504,0.731869,0.022708,0.883325,0.875132,0.999216
5.layout,126_2025_QH15_581548,0.11205085,0.50195741,0.853167,0.745355,0.024202,0.892974,0.892576,0.999052
5.layout,127_2025_QH15_686325,0.11695648,0.51787022,0.847593,0.686337,0.028181,0.8955,0.890017,1
5.layout,128_2025_QH15_679014,0.1305872,0.57454778,0.806023,0.63372,0.029854,0.857599,0.851506,0.999225
5.layout,129_2025_QH15_675261,0.12693468,0.57439485,0.832016,0.47672,0.051494,0.868862,0.871866,0.998981
5.layout,12_2022_QH15_505749,0.12156065,0.53908575,0.846121,0.702338,0.023411,0.885557,0.881627,1
5.layout,12_2026_NQ-HDND_707158,0.14472426,0.5483871,0.831512,0.75137,0.049145,0.892539,0.897461,0.997329
5.layout,12_2026_NQ-HDND_709406,0.12610275,0.54106521,0.791304,0.507302,0.110313,0.873048,0.865023,0.997729
5.layout,12_2026_NQ-HDND_709746,0.25888837,0.62406948,0.826467,0.689261,0.039872,0.879717,0.876746,0.998477
5.layout,12_NQ-HDND_707831,0.1227191,0.52118727,0.830203,0.61942,0.047583,0.883693,0.883915,0.998546
5.layout,12_NQ-HDND_708054,0.11633094,0.52838246,0.838501,0.408275,0.051352,0.888983,0.886546,0.997634
5.layout,130_2025_QH15_687674,0.11079671,0.51042152,0.835707,0.459069,0.04,0.887457,0.881839,0.999617
5.layout,131_2025_QH15_675267,0.13096748,0.57778518,0.823134,0.281426,0.074056,0.863397,0.870574,0.999442
5.layout,132_2025_QH15_685733,0.11392879,0.50538854,0.833238,0.677301,0.039792,0.875095,0.875697,0.995764
5.layout,133_2025_QH15_675211,0.11837208,0.54424192,0.847081,0.653996,0.029801,0.888627,0.882115,0.998869
5.layout,134_2025_QH15_679013,0.12387443,0.55255421,0.841858,0.713182,0.024459,0.875919,0.8718,0.997861
5.layout,135_2025_QH15_675213,0.11825181,0.52861091,0.848003,0.531351,0.032367,0.893706,0.887333,0.999432
5.layout,135_NQ-CP_706738,0.12793022,0.53010033,0.840802,0.680167,0.04332,0.893517,0.889198,0.99862
5.layout,136_2025_QH15__686937,0.12992695,0.58101504,0.809913,0.632208,0.046265,0.867093,0.86068,0.996584
5.layout,137_2025_QH15_686549,0.14390514,0.62056738,0.825484,0.720667,0.028644,0.85549,0.862114,0.998145
5.layout,138_2025_QH15_686527,0.12294317,0.53854221,0.818455,0.550854,0.080313,0.881678,0.877159,0.998034
5.layout,139_2025_QH15_684512,0.11945107,0.54342432,0.811173,0.591078,0.060832,0.858754,0.862661,0.996196
5.layout,13_2022_QH15_490095,0.11530511,0.51216173,0.836136,0.530794,0.039921,0.871206,0.87385,0.998642
5.layout,13_2026_NQ-HDND_707807,0.13623631,0.52975496,0.802465,0.659843,0.086409,0.905972,0.898671,0.999106
5.layout,13_2026_NQ-HDND_709407,0.14082278,0.55985401,0.830011,0.724778,0.044006,0.88887,0.884733,0.998996
5.layout,13_2026_NQ-HDND_709751,0.31095714,0.67227053,0.823335,0.680696,0.038089,0.878955,0.87794,0.999482
5.layout,140_2025_QH15_675263,0.32947173,0.72502031,0.810442,0.584556,0.05805,0.86738,0.860802,0.99623
5.layout,140_NQ-CP_707328,0.13573048,0.52837141,0.821289,0.644783,0.061003,0.888693,0.890028,0.997381
5.layout,141_2025_QH15_686550,0.12213044,0.53548124,0.846139,0.701064,0.031233,0.880558,0.883821,0.998728
5.layout,141_NQ-CP_708014,0.14125839,0.54683841,0.800862,0.717386,0.053584,0.880673,0.880673,0.997448
5.layout,142_2025_QH15_675210,0.12014075,0.53850948,0.840697,0.62611,0.024725,0.884152,0.876182,0.999575
5.layout,143_2025_QH15_681550,0.13367609,0.51506292,0.793749,0.46505,0.074745,0.886663,0.886065,0.999688
5.layout,143_NQ-CP_709397,0.15889465,0.51372549,0.849256,0.780424,0.052821,0.914332,0.914332,0.99741
5.layout,144_2025_QH15_675260,0.11805364,0.52100423,0.839363,0.572758,0.043407,0.886442,0.883606,0.998197
5.layout,145_2025_QH15_684669,0.13260031,0.59083323,0.842738,0.749313,0.021007,0.877258,0.872164,0.999522
5.layout,146_2025_QH15_675259,0.12472045,0.55283064,0.80818,0.45581,0.063973,0.874408,0.879793,0.999554
5.layout,147_2025_QH15_675265,0.11848651,0.53127501,0.8279,0.501611,0.054975,0.873637,0.874523,0.99929
5.layout,148_2025_QH15_m_675262,0.13048151,0.58907724,0.840413,0.758204,0.019837,0.870529,0.87206,0.999611
5.layout,148_NQ-CP_710006,0.25215628,0.6243039,0.835267,0.543562,0.048672,0.89151,0.887658,0.99932
5.layout,149_2025_QH15_679698,0.12837518,0.53333333,0.795868,0.710579,0.050687,0.851088,0.847958,0.999454
5.layout,14_2022_QH15_519327,0.11618497,0.52359335,0.841451,0.615941,0.029901,0.888273,0.87762,0.999247
5.layout,14_2026_NQ-HDND_707808,0.14877062,0.54478458,0.847012,0.678194,0.043263,0.899331,0.897077,0.9985
5.layout,14_2026_NQ-HDND_709408,0.13534352,0.53250774,0.790435,0.61161,0.082809,0.880174,0.878818,0.999014
5.layout,14_2026_NQ-HDND_710206,0.1532185,0.57053583,0.805668,0.547274,0.056995,0.876669,0.876257,0.999333
5.layout,14_NQ-HDND_707830,0.12414223,0.52932761,0.778574,0.618027,0.076015,0.874993,0.875732,0.976885
5.layout,150_2025_QH15_685773,0.11889706,0.5318837,0.837749,0.766558,0.022564,0.882154,0.872751,0.998939
5.layout,15_2023_QH15_372143,0.12952147,0.58886249,0.823058,0.365356,0.042427,0.872867,0.86381,0.99949
5.layout,15_2026_NQ-HDND_707809,0.25146304,0.53279468,0.832987,0.712088,0.04217,0.882131,0.883028,0.997978
5.layout,15_2026_NQ-HDND_707811,0.14845664,0.53837597,0.836689,0.773012,0.039966,0.891611,0.883919,0.998772
5.layout,15_2026_NQ-HDND_709741,0.34476009,0.58474173,0.816992,0.590974,0.050765,0.881623,0.88393,0.9997
5.layout,15_NQ-HDND_707829,0.33779555,0.6678515,0.838631,0.646598,0.059643,0.915594,0.911398,0.998173
5.layout,16_2023_QH15_519324,0.14861904,0.56304252,0.834814,0.66273,0.026035,0.876812,0.872869,0.999489
5.layout,16_2026_NQ-HDND_707769,0.15505985,0.5715736,0.837037,0.667582,0.050704,0.894997,0.893098,0.998155
5.layout,16_2026_NQ-HDND_707810,0.12481548,0.4996299,0.843538,0.725385,0.051839,0.905797,0.901489,0.99475
5.layout,17_2023_QH15_499239,0.11510198,0.5119647,0.835841,0.651484,0.027776,0.884671,0.879196,0.999632
5.layout,17_2026_NQ-HDND_709410,0.17315285,0.55021142,0.831119,0.731549,0.048303,0.904602,0.896418,0.998036
5.layout,18_2023_QH15_519325,0.12824415,0.57296719,0.817209,0.236828,0.067823,0.86589,0.864362,0.999263
5.layout,18_2026_NQ-HDND_709411,0.14147038,0.5017135,0.824412,0.686571,0.058691,0.910269,0.906814,0.99543
5.layout,18_NQ-HDND_707827,0.13269795,0.51858108,0.824384,0.680828,0.082779,0.906038,0.904133,0.997157
5.layout,19_2023_QH15_m_500102,0.11479668,0.52557257,0.839584,0.671581,0.028532,0.881935,0.881354,0.999535
5.layout,19_2026_NQ-HDND_709412,0.15998568,0.56590451,0.792745,0.568638,0.072729,0.886316,0.884845,0.999349
5.layout,20_2023_QH15_m_513347,0.13678574,0.60675944,0.832101,0.718122,0.023839,0.870295,0.87007,0.999123
5.layout,20_2026_NQ-HDND_709415,0.12980698,0.5206044,0.822605,0.662092,0.055449,0.891572,0.892556,0.995724
5.layout,20_2026_NQ-HDND_709736,0.24708705,0.60083718,0.766879,0.277242,0.131239,0.829237,0.87518,0.999459
5.layout,20_NQ-HDND_707825,0.11983993,0.50733138,0.820176,0.709835,0.056193,0.878479,0.876381,0.998512
5.layout,21_2026_NQ-HDND_709413,0.11955168,0.51951854,0.844314,0.710461,0.039902,0.897968,0.891684,0.998833
5.layout,21_2026_NQ-HDND_709737,0.13003524,0.56735832,0.836514,0.620148,0.039795,0.877861,0.875287,0.99874
5.layout,21_NQ-HDND_707824,0.13347458,0.55365854,0.748485,0.588819,0.093874,0.85564,0.855224,0.999124
5.layout,22_2026_NQ-HDND_709414,0.12380442,0.5276204,0.829803,0.673278,0.056245,0.889051,0.889841,0.998445
5.layout,22_2026_NQ-HDND_709738,0.17200422,0.55577568,0.826755,0.682628,0.0378,0.875114,0.878493,1
5.layout,23_2023_QH15_m_563579,0.13062556,0.56791104,0.818598,0.614745,0.042915,0.867273,0.863055,0.994048
5.layout,23_2026_NQ-HDND_709416,0.12563912,0.54779244,0.823503,0.650111,0.044458,0.881129,0.878804,0.998317
5.layout,23_2026_NQ-HDND_709739,0.11722054,0.49646504,0.814694,0.58682,0.08036,0.894617,0.894357,0.995972
5.layout,23_NQ-HDND_707612,0.12678023,0.47522236,0.828981,0.702735,0.056373,0.894118,0.892954,0.998339
5.layout,23_NQ-HDND_707821,0.1281547,0.51963746,0.824745,0.737029,0.044331,0.872996,0.870743,0.998722
5.layout,23_NQ-HDND_709740 (1),0.12108981,0.52586667,0.837977,0.743897,0.037842,0.888863,0.890461,0.98401
5.layout,23_NQ-HDND_709740,0.12108981,0.52586667,0.837977,0.743897,0.037842,0.888863,0.890461,0.98401
5.layout,24_2023_QH15_535782,0.12153763,0.55940317,0.838717,0.625201,0.02812,0.882011,0.876576,0.999289
5.layout,24_2026_NQ-HDND_709417,0.12337759,0.48723257,0.820147,0.671661,0.057104,0.895241,0.896912,0.996805
5.layout,24_2026_NQ-HDND_709733,0.16063896,0.56495053,0.839482,0.673812,0.031571,0.888108,0.884021,0.999501
5.layout,24_NQ-HDND_707611,0.12308654,0.50536097,0.844969,0.683426,0.051399,0.894738,0.892623,0.997476
5.layout,24_NQ-HDND_707820,0.13052209,0.53079948,0.829977,0.714363,0.051903,0.8913,0.88306,0.985047
5.layout,25_2023_QH15_548477,0.11357157,0.51320605,0.852283,0.719163,0.022481,0.89149,0.885137,0.99961
5.layout,25_2026_NQ-HDND_709430,0.13668567,0.5288,0.831201,0.727866,0.053366,0.900792,0.901886,0.997811
5.layout,25_2026_NQ-HDND_709752,0.13055674,0.54733219,0.821527,0.650335,0.044203,0.876073,0.873138,0.998081
5.layout,26_2023_QH15_m_552422,0.12901596,0.5633656,0.837462,0.547037,0.041344,0.877887,0.880151,0.99954
5.layout,26_2026_NQ-HDND_709418,0.14918481,0.54592902,0.839202,0.697923,0.051436,0.895266,0.894791,0.999065
5.layout,26_2026_NQ-HDND_709750,0.1448454,0.5704174,0.829067,0.607674,0.034243,0.883361,0.878813,1
5.layout,26_NQ-HDND_709743,0.11548641,0.51999249,0.831948,0.631674,0.040709,0.877604,0.876373,0.998331
5.layout,278_NQ-UBTVQH16_709850,0.13537279,0.5894337,0.818656,0.690664,0.051005,0.886718,0.876669,0.993827
5.layout,279_NQ-UBTVQH16_709851,0.14056225,0.62627986,0.823106,0.611505,0.04648,0.870981,0.865174,0.999192
5.layout,27_2023_QH15_528669,0.12912978,0.52676455,0.833898,0.694542,0.026896,0.882604,0.880793,0.999577
5.layout,27_2026_NQ-HDND_709419,0.12362983,0.5234732,0.789574,0.466363,0.114759,0.870769,0.87136,0.998034
5.layout,27_2026_NQ-HDND_709748,0.2682665,0.64046413,0.853618,0.682454,0.03965,0.903383,0.902435,0.998881
5.layout,28_2023_QH15_583801,0.11759365,0.53728964,0.855475,0.679187,0.027022,0.897759,0.892599,0.999617
5.layout,28_2026_NQ-CP_710007,0.12951922,0.52724077,0.833459,0.725954,0.044344,0.896426,0.899434,0.99782
5.layout,28_2026_NQ-HDND_709420,0.12533088,0.52922252,0.82416,0.653931,0.058408,0.893329,0.893548,0.996827
5.layout,28_2026_NQ-HDND_710200,0.12964485,0.5482087,0.802144,0.599194,0.048359,0.872736,0.870348,1
5.layout,29_2023_QH15_530116,0.11969739,0.5318298,0.843145,0.709975,0.025633,0.895621,0.88246,0.999514
5.layout,29_2026_NQ-HDND_709421,0.29472394,0.59421769,0.823844,0.720001,0.045102,0.891369,0.892562,0.999456
5.layout,30_2023_QH15_445699,0.14099021,0.59379111,0.820869,0.332037,0.08046,0.859807,0.864693,0.999253
5.layout,30_2026_NQ-HDND_709429,0.14227524,0.54888739,0.811617,0.694275,0.048331,0.881366,0.87771,0.997115
5.layout,31_2024_QH15_523642,0.13482084,0.59607451,0.825942,0.633877,0.028557,0.874122,0.872215,0.999643
5.layout,31_2026_NQ-HDND_709428,0.13764866,0.53682784,0.806886,0.571418,0.084094,0.87959,0.877692,0.99778
5.layout,32_2024_QH15_m_577203,0.12095044,0.54820868,0.835804,0.578354,0.027588,0.889589,0.877443,0.99967
5.layout,32_2026_NQ-HDND_709422,0.13440762,0.52658662,0.839436,0.731957,0.04884,0.905793,0.898609,0.998947
5.layout,33_2024_QH15_545181,0.12843068,0.55927899,0.838778,0.611816,0.027694,0.878267,0.872508,0.999473
5.layout,33_2026_NQ-HDND_709423,0.13038779,0.52125693,0.805438,0.664833,0.060891,0.87802,0.880978,0.998628
5.layout,34_2024_QH15_580434,0.1119058,0.49862722,0.851162,0.714489,0.028849,0.905815,0.890319,0.999615
5.layout,34_NQ-HDND_709431,0.1439206,0.49425287,0.824206,0.711324,0.059772,0.904052,0.897335,0.997573
5.layout,3579_QD-UBND_708038,0.53490502,0.84506399,0.844801,0.648955,0.042307,0.884997,0.881485,0.999325
5.layout,35_2024_QH15_588811,0.1233062,0.54983261,0.840708,0.732144,0.024219,0.883717,0.878313,0.999499
5.layout,35_NQ-HDND_707110,0.57999009,0.80296264,0.87268,0.612739,0.042441,0.92797,0.92732,0.999544
5.layout,36_2024_QH15_444251,0.11645737,0.52006942,0.820178,0.557114,0.040291,0.88414,0.876759,0.999498
5.layout,36_NQ-HDND_707610,0.11515738,0.5096283,0.834597,0.637826,0.048515,0.894317,0.894431,0.999195
5.layout,37_2024_QH15_588810,0.12451407,0.54057782,0.825177,0.538367,0.042585,0.869586,0.872447,0.999391
5.layout,38_2024_QH15_555033,0.12102577,0.56186579,0.858298,0.710976,0.019347,0.892717,0.888012,0.999099
5.layout,38_2026_QD-UBND_708135,0.13577432,0.55917418,0.798751,0.570233,0.067709,0.874834,0.872726,0.99535
5.layout,39_2024_QH15_575158,0.11894267,0.53645257,0.842584,0.741439,0.022815,0.885793,0.880737,0.999449
5.layout,40_2024_QH15_564046,0.13462177,0.58894799,0.824657,0.719906,0.028086,0.869622,0.857205,0.995275
5.layout,40_NQ-HDND_707111,0.64187355,0.8985563,0.857868,0.661359,0.037068,0.904703,0.905732,0.997863
5.layout,41_2019_QH14_387991,0.11538562,0.51071257,0.847984,0.698244,0.027443,0.902325,0.892293,0.999335
5.layout,41_2024_QH15_557190,0.13202663,0.58245877,0.812291,0.604276,0.031787,0.869109,0.861997,0.999268
5.layout,42_NQ-HDND_707609,0.14126122,0.5191022,0.823445,0.692944,0.04847,0.900919,0.895659,0.990077
5.layout,43_2019_QH14_367665,0.12644132,0.57215566,0.838349,0.340928,0.049816,0.884559,0.876373,0.999625
5.layout,43_2024_QH15_612195,0.12634483,0.53473945,0.668411,0.326714,0.179067,0.817949,0.766642,0.998164
5.layout,44_2024_QH15_583839,0.12708783,0.56951472,0.82031,0.585118,0.037199,0.869985,0.865309,0.998796
5.layout,44_NQ-HDND_707608,0.14371658,0.50076336,0.822847,0.710445,0.079248,0.922112,0.922112,0.998991
5.layout,45_2019_QH14_333670,0.12709491,0.57465215,0.834863,0.481418,0.033474,0.874379,0.877981,0.999197
5.layout,45_2024_QH15_583769,0.1220803,0.53078263,0.847918,0.695993,0.024456,0.895427,0.8856,0.999609
5.layout,45_NQ-HDND_707607,0.15358507,0.52662722,0.814408,0.733996,0.075054,0.910925,0.910925,0.999548
5.layout,46_2019_QH14_398157,0.11607562,0.5239409,0.846434,0.64607,0.034319,0.886024,0.883018,0.999602
5.layout,46_2024_QH15_524982,0.11852541,0.54263699,0.830352,0.686946,0.024836,0.879689,0.86973,0.999239
5.layout,46_2026_QD-UBND_708335,0.15510352,0.52445194,0.883593,0.841798,0.034012,0.922262,0.922262,0.999515
5.layout,46_NQ-HDND_707606,0.37808178,0.72464596,0.855773,0.699609,0.033431,0.899772,0.88874,0.99949
5.layout,47_2019_QH14_411945,0.11943869,0.53268809,0.828035,0.697815,0.040711,0.877002,0.877759,1
5.layout,47_2024_QH15_583645,0.11879089,0.53076125,0.841758,0.631496,0.035374,0.887224,0.883809,0.999411
5.layout,47_NQ-HDND_707603,0.18298689,0.58533571,0.816935,0.589897,0.043351,0.882089,0.879615,0.999212
5.layout,48_2019_QH14_366794,0.12558618,0.55600498,0.83828,0.664345,0.029312,0.881713,0.875064,0.999062
5.layout,48_2024_QH15_556390,0.11952445,0.53226139,0.839362,0.636204,0.033158,0.876798,0.881854,0.999012
5.layout,49_2019_QH14_402073,0.13864892,0.6180203,0.820462,0.676019,0.027065,0.860753,0.859339,0.999065
5.layout,49_2024_QH15_548487,0.10591151,0.48858904,0.844736,0.489766,0.047783,0.887733,0.890393,0.998587
5.layout,50_2019_QH14_411944,0.12518302,0.52388797,0.700546,0.476673,0.151746,0.836847,0.836696,0.999105
5.layout,50_2024_QH15_445264,0.11302602,0.51789164,0.853637,0.687619,0.027319,0.888447,0.885734,0.999236
5.layout,51_2019_QH14_422706,0.1322386,0.5732991,0.811516,0.646882,0.04141,0.870204,0.859572,0.995478
5.layout,51_2024_QH15_m_505750,0.12854156,0.55833261,0.811172,0.583241,0.042004,0.868321,0.864581,0.999477
5.layout,52_2019_QH14_405729,0.12883858,0.56970208,0.821783,0.689856,0.033226,0.869781,0.860902,0.999157
5.layout,52_2024_QH15_630032,0.12271274,0.52855407,0.818529,0.686385,0.043379,0.873753,0.87367,0.995925
5.layout,53_2019_QH14_351558,0.13651525,0.60890715,0.850712,0.699646,0.027738,0.887822,0.878813,1
5.layout,53_2024_QH15_m_607439,0.11759754,0.5252193,0.832055,0.692723,0.027584,0.873421,0.869597,0.998999
5.layout,54_2019_QH14_399763,0.10977967,0.49682666,0.847016,0.677959,0.023348,0.890541,0.881578,0.999232
5.layout,54_2024_QH15_578531,0.11499214,0.52256576,0.848865,0.721321,0.023539,0.89192,0.886644,0.999424
5.layout,54_KH-UBND_708180,0.2075129,0.60295324,0.832607,0.698619,0.03595,0.888447,0.883848,0.999066
5.layout,55_2019_QH14_410870,0.12800273,0.57962213,0.81914,0.670929,0.039222,0.859517,0.862692,0.996667
5.layout,55_2024_QH15_621347,0.12438893,0.56555935,0.831014,0.683177,0.029637,0.878931,0.874808,0.999109
5.layout,56_2020_QH14_422707,0.11927659,0.53381818,0.840901,0.609242,0.042324,0.885899,0.876075,0.997096
5.layout,56_2024_QH15_m_622318,0.12051818,0.53456621,0.829202,0.606811,0.044574,0.881182,0.878855,0.999578
5.layout,57_2020_QH14_416260,0.11044345,0.50544323,0.84052,0.621838,0.042115,0.882265,0.876793,1
5.layout,57_2024_QH15_623631,0.12436802,0.54339746,0.836221,0.611954,0.031097,0.881795,0.879912,0.999551
5.layout,58_2020_QH14_395767,0.11962081,0.53944954,0.837313,0.661178,0.03213,0.881012,0.874822,0.999371
5.layout,58_2024_QH15_m_621645,0.11945996,0.53079846,0.846599,0.593727,0.03083,0.888102,0.883733,0.999394
5.layout,58_2026_NQ-HDND_709771,0.14440611,0.56159822,0.844343,0.78585,0.040776,0.903107,0.890272,0.999195
5.layout,59_2020_QH14_427301,0.11781953,0.52961947,0.829982,0.55495,0.027829,0.877185,0.872734,0.999444
5.layout,59_2024_QH15_606865,0.12199502,0.55243438,0.820053,0.590887,0.034317,0.878144,0.868659,0.999508
5.layout,60_2020_QH14_373522,0.11460709,0.51514615,0.834044,0.670152,0.044814,0.884361,0.877503,1
5.layout,60_2024_QH15_m_621343,0.14258879,0.62197571,0.831154,0.676165,0.028923,0.868407,0.864735,0.998531
5.layout,60_2026_NQ-HDND_709424,0.12994619,0.53222303,0.836794,0.698102,0.055044,0.892766,0.892042,0.980536
5.layout,61_2020_QH14_321051,0.1320825,0.52180032,0.796361,0.521046,0.070853,0.882385,0.881754,0.999686
5.layout,61_2024_QH15_613892,0.12693368,0.57127501,0.835524,0.646899,0.026322,0.88175,0.874951,0.999498
5.layout,62_2020_QH14_418229,0.1222933,0.53641817,0.846286,0.619237,0.030366,0.887774,0.882424,0.999518
5.layout,62_2025_QH15_643744,0.14120896,0.62479247,0.789365,0.556233,0.069873,0.853638,0.843166,0.99627
5.layout,63_2020_QH14_402074,0.13482016,0.59179515,0.829032,0.700882,0.027464,0.867899,0.865836,1
5.layout,63_2025_QH15_639242,0.13240271,0.61284303,0.830311,0.707458,0.027832,0.871915,0.862902,0.999392
5.layout,63_2026_QD-UBND_709654,0.11407206,0.49463447,0.857785,0.666167,0.040383,0.904087,0.894677,0.998125
5.layout,64_2020_QH14_374160,0.12296074,0.53811082,0.837562,0.689399,0.02527,0.881039,0.874437,0.999636
5.layout,64_2025_QH15_639239,0.12757761,0.57285202,0.835538,0.511918,0.035823,0.882753,0.877491,0.99935
5.layout,65_2020_QH14_422708,0.13505105,0.59304883,0.818697,0.70892,0.038296,0.869032,0.862309,0.995422
5.layout,65_2025_QH15_639241,0.12444358,0.55891659,0.829558,0.609542,0.035281,0.880973,0.875028,0.999509
5.layout,66_2020_QH14_439845,0.12395615,0.56184629,0.845796,0.75385,0.024013,0.883402,0.882538,0.999133
5.layout,66_2025_QH15_621225,0.16984088,0.5759733,0.78409,0.461636,0.087989,0.872243,0.870551,0.999014
5.layout,67_2020_QH14_m_373520,0.12738644,0.57309814,0.806753,0.555934,0.038302,0.861076,0.861337,0.999457
5.layout,67_2025_QH15_580594,0.12344607,0.55236437,0.835624,0.748456,0.024431,0.877398,0.876059,0.9982
5.layout,68_2020_QH14_435315,0.11667103,0.49718359,0.832277,0.647519,0.033819,0.874555,0.879688,0.999001
5.layout,68_2025_QH15_578018,0.12676934,0.57873503,0.83391,0.642058,0.027782,0.870325,0.869705,0.999601
5.layout,69_2020_QH14_439844,0.12939645,0.5636556,0.838621,0.69542,0.026973,0.879853,0.876262,0.999417
5.layout,69_2025_QH15_603983,0.12629124,0.56452712,0.844243,0.715836,0.026082,0.884002,0.88455,0.999388
5.layout,70_2020_QH14_376557,0.14368636,0.62509908,0.838701,0.669319,0.02562,0.880099,0.872775,0.998967
5.layout,70_2025_QH15_580121,0.12576361,0.56636535,0.842684,0.703591,0.029599,0.885011,0.877533,0.999435
5.layout,70_2026_NQ-HDND_709515,0.12092227,0.52893738,0.838254,0.6592,0.057264,0.894197,0.892762,0.995769
5.layout,71_2020_QH14_366792,0.11857603,0.5295003,0.817543,0.647487,0.038969,0.863505,0.86357,0.995922
5.layout,71_2025_QH15_621341,0.12567255,0.57226331,0.840373,0.567712,0.03915,0.884562,0.881029,0.999185
5.layout,72_2020_QH14_431147,0.12413003,0.55823112,0.843034,0.664812,0.022346,0.885508,0.882911,0.999465
5.layout,72_2025_QH15_649675,0.12329034,0.55449127,0.834294,0.639766,0.030282,0.884113,0.87794,0.999395
5.layout,73_2021_QH14_445185,0.11494193,0.51921245,0.836905,0.713612,0.025831,0.877402,0.87399,0.999281
5.layout,73_2025_QH15_621345,0.11784164,0.52680981,0.852054,0.736933,0.021527,0.884936,0.882606,0.998954
5.layout,74_2025_QH15_m_530912,0.12953386,0.58536781,0.831354,0.664476,0.028816,0.873597,0.869529,0.999545
5.layout,75_2025_QH15_555035,0.11977466,0.54678411,0.827674,0.61779,0.05384,0.879507,0.879168,0.998297
5.layout,76_2025_QH15_659899,0.11959044,0.52806909,0.831357,0.665701,0.048464,0.874911,0.877275,0.997741
5.layout,77_2025_QH15_643029,0.12959498,0.57846665,0.810804,0.545234,0.076091,0.868461,0.870979,0.996236
5.layout,78_2025_QH15_m_623226,0.12457645,0.56313518,0.839857,0.63808,0.032699,0.880307,0.876773,0.999253
5.layout,79_2025_QH15_660522,0.1345205,0.5850639,0.809957,0.468726,0.068138,0.849478,0.858592,0.997949
5.layout,80_2025_QH15_649688,0.12604457,0.56643052,0.836646,0.750663,0.021677,0.876132,0.86988,0.999275
5.layout,81_2025_QH15_660533,0.11329147,0.49230643,0.854866,0.694014,0.028107,0.898862,0.891877,0.999314
5.layout,82_2025_QH15_660530,0.12277669,0.54594371,0.811368,0.562004,0.04981,0.858712,0.864243,0.999982
5.layout,83_2025_QH15_663780,0.14973922,0.62762659,0.790827,0.46188,0.071676,0.845149,0.839841,0.997945
5.layout,84_2025_QH15_655378,0.10942118,0.5059252,0.843152,0.576727,0.04114,0.890907,0.882725,0.999342
5.layout,85_2025_QH15_651570,0.11605166,0.50951498,0.833277,0.564913,0.047727,0.895619,0.888416,0.999332
5.layout,86_2025_QH15_662377,0.11674479,0.52966789,0.783891,0.509027,0.053373,0.856548,0.859699,0.999308
5.layout,87_2025_QH15_662673,0.127422,0.55945769,0.841549,0.723709,0.03062,0.881142,0.883273,0.996707
5.layout,88_2025_QH15_m_659898,0.12767923,0.56483051,0.80901,0.522299,0.048857,0.865074,0.859099,0.999151
5.layout,89_2025_QH15_650061,0.10932039,0.48925764,0.859103,0.283065,0.051983,0.903483,0.895056,0.99951
5.layout,8_2026_QH16_704810,0.13444657,0.58788599,0.82411,0.692962,0.033734,0.875045,0.86466,0.999012
5.layout,90_2025_QH15_m_662379,0.1239135,0.54421811,0.832293,0.502835,0.040253,0.881348,0.880573,0.999398
5.layout,91_2025_QH15_m_625628,0.12490747,0.54007113,0.845361,0.738923,0.02217,0.877963,0.875559,0.999111
5.layout,92_2025_QH15_659897,0.12244737,0.54955927,0.851795,0.779016,0.02341,0.889596,0.883488,0.998624
5.layout,93_2025_QH15_m_581164,0.12276305,0.55864367,0.845279,0.653282,0.02775,0.884982,0.884315,0.999562
5.layout,94_2025_QH15_643689,0.12521517,0.55546754,0.848518,0.554096,0.032927,0.888304,0.885315,0.9991
5.layout,95_2025_QH15_622480,0.13200954,0.58404915,0.834588,0.698654,0.029416,0.883042,0.873864,0.999319
5.layout,96_2025_QH15_648594,0.12845435,0.5540201,0.836154,0.727705,0.031558,0.872554,0.869589,0.997377
5.layout,97_2025_QH15_663709,0.12792329,0.5472022,0.805983,0.678753,0.040885,0.858644,0.859636,0.999066
5.layout,98_2025_QH15_662116,0.12354063,0.53827317,0.841375,0.674727,0.034862,0.88237,0.885386,0.9992
5.layout,99_2025_QH15_662829,0.12154935,0.54042255,0.80587,0.365576,0.068361,0.876767,0.863964,0.998965
