category,file,status,error,mean_similarity,min_similarity,max_similarity,std_similarity,ref_to_hyp_mean,hyp_to_ref_mean,num_chunks_ref,num_chunks_hyp
1.original,01_2021_QH15_486447.txt,ok,,0.839581,0.692223,0.912533,0.032822,0.887191,0.891362,18,18
1.original,01_2026_NQ-HDND_707600.txt,ok,,0.838070,0.705668,0.903420,0.027299,0.878891,0.877045,61,61
1.original,01_2026_NQ-HDND_707836.txt,ok,,0.775234,0.606884,0.900587,0.098116,0.870765,0.873984,4,4
1.original,01_2026_QH16_704788.txt,ok,,0.840560,0.737973,0.926796,0.027839,0.890105,0.879985,39,39
1.original,02_2021_QH15_489113.txt,ok,,0.662797,0.303905,0.864159,0.199238,0.784760,0.800575,5,5
1.original,02_2026_NQ-HDND_707102.txt,ok,,0.844377,0.673628,0.940722,0.050133,0.903087,0.898547,17,17
1.original,02_2026_NQ-HDND_707534.txt,ok,,0.842614,0.713354,0.923190,0.027418,0.888232,0.879790,70,70
1.original,02_2026_NQ-HDND_707835.txt,ok,,0.820796,0.663960,0.901155,0.047323,0.878036,0.874746,13,13
1.original,02_2026_NQ-HDND_708053.txt,ok,,0.834547,0.694638,0.911662,0.050303,0.896671,0.889125,8,8
1.original,02_2026_QH16_696077.txt,ok,,0.844939,0.719354,0.912632,0.024405,0.886399,0.882455,104,104
1.original,02_2026_UBTVQH16_708292.txt,ok,,0.797973,0.665786,0.911273,0.076893,0.881256,0.881256,4,4
1.original,03_2022_QH15_m_486653.txt,ok,,0.820185,0.522123,0.919217,0.061783,0.882740,0.877342,29,29
1.original,03_2026_NQ-HDND_707107.txt,ok,,0.825959,0.730209,0.916284,0.039160,0.881495,0.879178,8,8
1.original,03_2026_NQ-HDND_707251.txt,ok,,0.835836,0.685414,0.947330,0.052572,0.898930,0.894878,12,12
1.original,03_2026_NQ-HDND_707834.txt,ok,,0.824261,0.662117,0.914252,0.072705,0.894529,0.893910,7,7
1.original,03_2026_NQ-HDND_709377.txt,ok,,0.844756,0.749453,0.894307,0.035353,0.884829,0.885097,8,8
1.original,03_2026_QH16_694806.txt,ok,,0.838619,0.729113,0.897686,0.026218,0.877873,0.872562,36,36
1.original,04_2022_QH15_477977.txt,ok,,0.828071,0.655322,0.891932,0.032482,0.860959,0.864273,30,30
1.original,04_2026_NQ-HDND_707101.txt,ok,,0.812672,0.647021,0.996101,0.096573,0.942016,0.941680,16,16
1.original,04_2026_NQ-HDND_707533.txt,ok,,0.833384,0.750837,0.926803,0.049831,0.907565,0.907565,6,6
1.original,04_2026_NQ-HDND_707833.txt,ok,,0.838750,0.588794,0.911006,0.067507,0.883070,0.892879,17,16
1.original,04_2026_NQ-HDND_707870.txt,ok,,0.801549,0.535838,0.936381,0.075093,0.889813,0.894205,12,12
1.original,04_2026_QH16_681012.txt,ok,,0.821837,0.685998,0.883584,0.033611,0.852601,0.862074,23,23
1.original,05_2022_QH15_486445.txt,ok,,0.836842,0.732812,0.910778,0.025655,0.880996,0.874368,59,59
1.original,05_2026_NQ-HDND_707049.txt,ok,,0.823455,0.632579,0.921979,0.059332,0.888638,0.888705,9,9
1.original,05_2026_NQ-HDND_707532.txt,ok,,0.843732,0.718271,0.912625,0.028940,0.885661,0.884290,25,25
1.original,05_2026_NQ-HDND_707602.txt,ok,,0.849959,0.747074,0.924379,0.032957,0.894851,0.894491,13,13
1.original,05_2026_NQ-HDND_707832.txt,ok,,0.811284,0.622015,0.894927,0.058492,0.874467,0.872465,11,11
1.original,05_2026_QH16_704792.txt,ok,,0.832093,0.657040,0.898091,0.037820,0.867850,0.869709,23,23
1.original,06_2022_QH15_418232.txt,ok,,0.821346,0.599001,0.909917,0.036067,0.877480,0.881312,135,135
1.original,06_2026_NQ-HDND_707048.txt,ok,,0.848304,0.779249,0.928258,0.044579,0.907282,0.907282,5,5
1.original,06_2026_NQ-HDND_707604.txt,ok,,0.852489,0.747830,0.924305,0.064307,0.917585,0.917585,3,3
1.original,06_2026_QH16_704653.txt,ok,,0.822862,0.626447,0.911545,0.048077,0.872362,0.879698,37,36
1.original,07_2022_QH15_458435.txt,ok,,0.828967,0.610279,0.904626,0.029107,0.870883,0.869407,167,167
1.original,07_2026_NQ-HDND_707047.txt,ok,,0.836939,0.652186,0.926435,0.067751,0.906233,0.905546,11,11
1.original,07_2026_NQ-HDND_707601.txt,ok,,0.758955,0.360219,0.913650,0.139827,0.815319,0.868990,13,13
1.original,07_2026_QH16_704791.txt,ok,,0.839036,0.617715,0.907159,0.031534,0.880476,0.872419,72,72
1.original,08_2022_QH15_m_465916.txt,ok,,0.833898,0.636350,0.907189,0.027754,0.882001,0.871695,212,211
1.original,08_2026_NQ-HDND_707605.txt,ok,,0.823475,0.729031,0.895692,0.056680,0.889057,0.889057,4,4
1.original,08_2026_NQ-HDND_710089.txt,ok,,0.815049,0.698563,0.913184,0.051199,0.876095,0.879860,5,5
1.original,09_2022_QH15_m_513345.txt,ok,,0.821446,0.594694,0.883413,0.049162,0.861701,0.864821,33,33
1.original,09_2026_NQ-HDND_707045.txt,ok,,0.823274,0.723290,0.915355,0.048345,0.880400,0.874107,4,4
1.original,09_2026_NQ-HDND_707103.txt,ok,,0.822849,0.696537,0.945483,0.062960,0.900015,0.898292,5,5
1.original,09_2026_QH16_703956.txt,ok,,0.753244,0.508462,0.880363,0.114366,0.828764,0.872655,5,4
1.original,100_2025_QH15_688908.txt,ok,,0.839225,0.737455,0.900095,0.022983,0.870297,0.875324,53,53
1.original,101_2025_QH15_686537.txt,ok,,0.842111,0.695914,0.906228,0.025330,0.875489,0.880044,64,64
1.original,102_2025_QH15_624015.txt,ok,,0.845662,0.741578,0.906371,0.025853,0.879247,0.881329,33,33
1.original,103_2025_QH15_686538.txt,ok,,0.832035,0.649112,0.902647,0.033562,0.870830,0.869450,49,49
1.original,104_2025_QH15_633465.txt,ok,,0.830067,0.762724,0.899177,0.019801,0.863163,0.860248,36,36
1.original,105_2025_QH15_667661.txt,ok,,0.848084,0.410185,0.916165,0.050866,0.889196,0.882472,76,76
1.original,106_2025_QH15_628717.txt,ok,,0.849020,0.629217,0.928749,0.029261,0.894120,0.891983,246,246
1.original,107_2025_QH15_346850.txt,ok,,0.832680,0.710232,0.917399,0.036774,0.885328,0.885001,31,31
1.original,108_2025_QH15_675268.txt,ok,,0.837523,0.657640,0.904294,0.027339,0.879041,0.876290,165,165
1.original,109_2025_QH15_665870.txt,ok,,0.836482,0.686317,0.901968,0.028279,0.873943,0.874704,33,33
1.original,10_2022_QH15_546085.txt,ok,,0.840819,0.639218,0.918036,0.029232,0.887702,0.878781,147,145
1.original,10_2026_NQ-HDND_707046.txt,ok,,0.839187,0.709339,0.970281,0.053218,0.907112,0.907899,7,7
1.original,10_2026_NQ-HDND_707105.txt,ok,,0.826154,0.721059,0.896718,0.056643,0.892473,0.891917,4,4
1.original,110_2025_QH15_581160.txt,ok,,0.839159,0.681343,0.908210,0.029824,0.880780,0.875555,51,51
1.original,111_2025_QH15_667663.txt,ok,,0.820715,0.737378,0.893683,0.026398,0.863427,0.857621,43,43
1.original,112_2025_QH15_586814.txt,ok,,0.838248,0.519461,0.927893,0.035657,0.884828,0.880398,122,122
1.original,113_2025_QH15_443680.txt,ok,,0.816152,0.456647,0.923566,0.074360,0.882198,0.878747,33,33
1.original,114_2025_QH15_658530.txt,ok,,0.820206,0.512568,0.901605,0.046021,0.867375,0.868879,62,61
1.original,115_2025_QH15_675264.txt,ok,,0.833492,0.694235,0.903102,0.036176,0.877976,0.876752,27,27
1.original,116_2025_QH15_666020.txt,ok,,0.832490,0.551386,0.915319,0.050745,0.891690,0.879608,96,96
1.original,117_2025_QH15_685866.txt,ok,,0.841419,0.750172,0.912272,0.023031,0.878865,0.877644,52,52
1.original,118_2025_QH15_682798.txt,ok,,0.813325,0.565945,0.903850,0.043669,0.868585,0.872047,76,75
1.original,119_2025_QH15_685933.txt,ok,,0.847644,0.684627,0.914119,0.051215,0.891083,0.886673,17,17
1.original,11_2022_QH15_544688.txt,ok,,0.852594,0.723749,0.908709,0.021816,0.889083,0.884370,134,134
1.original,11_2026_NQ-HDND_707106.txt,ok,,0.795917,0.655374,0.937655,0.085023,0.901825,0.906812,7,7
1.original,11_2026_NQ-HDND_707159.txt,ok,,0.844071,0.614801,0.912543,0.038519,0.889604,0.887452,28,28
1.original,11_2026_NQ-HDND_709745.txt,ok,,0.793116,0.595350,0.935037,0.080032,0.882502,0.884591,8,8
1.original,120_2025_QH15_666019.txt,ok,,0.831797,0.499240,0.907803,0.041574,0.874639,0.873945,88,87
1.original,121_2025_QH15_689140.txt,ok,,0.839648,0.684474,0.908119,0.025565,0.877209,0.872104,83,83
1.original,122_2025_QH15_662035.txt,ok,,0.837682,0.739522,0.900647,0.022947,0.875736,0.865927,64,64
1.original,123_2025_QH15_656970.txt,ok,,0.830374,0.603462,0.898381,0.039851,0.873125,0.872584,42,42
1.original,124_2025_QH15_687560.txt,ok,,0.848961,0.660309,0.913440,0.027018,0.889206,0.880410,62,62
1.original,125_2025_QH15_663779.txt,ok,,0.848348,0.730135,0.906638,0.022406,0.883768,0.876963,66,66
1.original,126_2025_QH15_581548.txt,ok,,0.855332,0.748642,0.936886,0.023906,0.894153,0.894441,64,64
1.original,127_2025_QH15_686325.txt,ok,,0.847593,0.686337,0.925948,0.028181,0.895500,0.890017,362,362
1.original,128_2025_QH15_679014.txt,ok,,0.807010,0.604332,0.897583,0.031518,0.859823,0.852456,110,110
1.original,129_2025_QH15_675261.txt,ok,,0.830538,0.478466,0.897923,0.051380,0.867751,0.871088,46,45
1.original,12_2022_QH15_505749.txt,ok,,0.846121,0.702338,0.914909,0.023411,0.885557,0.881627,111,111
1.original,12_2026_NQ-HDND_707158.txt,ok,,0.838692,0.760081,0.945875,0.048161,0.897768,0.902251,4,4
1.original,12_2026_NQ-HDND_709406.txt,ok,,0.790660,0.468408,0.907703,0.120502,0.872029,0.863436,11,11
1.original,12_2026_NQ-HDND_709746.txt,ok,,0.828328,0.694926,0.933436,0.039595,0.880307,0.877284,17,17
1.original,12_NQ-HDND_707831.txt,ok,,0.833162,0.619162,0.915717,0.048127,0.884625,0.887152,26,25
1.original,12_NQ-HDND_708054.txt,ok,,0.841201,0.406917,0.924315,0.051030,0.889417,0.888462,97,96
1.original,130_2025_QH15_687674.txt,ok,,0.837270,0.547416,0.952141,0.037638,0.891029,0.884706,140,140
1.original,131_2025_QH15_675267.txt,ok,,0.823683,0.276759,0.901211,0.074164,0.864880,0.871077,61,60
1.original,132_2025_QH15_685733.txt,ok,,0.836275,0.678965,0.907919,0.039159,0.874939,0.878198,18,18
1.original,133_2025_QH15_675211.txt,ok,,0.848592,0.649860,0.908240,0.030181,0.887020,0.884232,72,72
1.original,134_2025_QH15_679013.txt,ok,,0.844559,0.713668,0.902349,0.025161,0.878107,0.874675,55,55
1.original,135_2025_QH15_675213.txt,ok,,0.847947,0.539416,0.926161,0.033088,0.897165,0.887175,149,149
1.original,135_NQ-CP_706738.txt,ok,,0.840791,0.676928,0.917968,0.042312,0.890531,0.887844,12,12
1.original,136_2025_QH15__686937.txt,ok,,0.810358,0.633123,0.914367,0.048455,0.870109,0.862169,27,27
1.original,137_2025_QH15_686549.txt,ok,,0.825419,0.731219,0.878487,0.028629,0.852662,0.860574,23,23
1.original,138_2025_QH15_686527.txt,ok,,0.821609,0.545725,0.926648,0.078273,0.879046,0.876537,20,20
1.original,139_2025_QH15_684512.txt,ok,,0.812468,0.590827,0.893877,0.061680,0.861544,0.863646,19,19
1.original,13_2022_QH15_490095.txt,ok,,0.837489,0.532680,0.896254,0.040331,0.873457,0.875074,63,62
1.original,13_2026_NQ-HDND_707807.txt,ok,,0.807484,0.658941,0.938957,0.082446,0.904818,0.897580,5,5
1.original,13_2026_NQ-HDND_709407.txt,ok,,0.831388,0.721756,0.945138,0.044949,0.890229,0.886241,7,7
1.original,13_2026_NQ-HDND_709751.txt,ok,,0.823868,0.677734,0.936115,0.036897,0.877512,0.876672,26,26
1.original,140_2025_QH15_675263.txt,ok,,0.808884,0.615855,0.891428,0.059440,0.862517,0.860498,13,13
1.original,140_NQ-CP_707328.txt,ok,,0.824663,0.659639,0.914745,0.058453,0.889043,0.889662,7,7
1.original,141_2025_QH15_686550.txt,ok,,0.847211,0.708047,0.906281,0.032250,0.882812,0.885452,25,25
1.original,141_NQ-CP_708014.txt,ok,,0.804667,0.707098,0.915402,0.051629,0.879786,0.879786,5,5
1.original,142_2025_QH15_675210.txt,ok,,0.841413,0.615999,0.909352,0.025001,0.882427,0.877248,153,153
1.original,143_2025_QH15_681550.txt,ok,,0.793510,0.471671,0.993055,0.074121,0.888062,0.885132,136,135
1.original,143_NQ-CP_709397.txt,ok,,0.847631,0.779493,0.951705,0.052646,0.912009,0.912009,3,3
1.original,144_2025_QH15_675260.txt,ok,,0.839315,0.603672,0.907019,0.044100,0.886671,0.884395,41,41
1.original,145_2025_QH15_684669.txt,ok,,0.843017,0.750770,0.899142,0.020478,0.875098,0.872249,39,39
1.original,146_2025_QH15_675259.txt,ok,,0.809452,0.442780,0.914584,0.065236,0.875318,0.881816,211,210
1.original,147_2025_QH15_675265.txt,ok,,0.829219,0.495450,0.902869,0.056013,0.876111,0.876155,44,44
1.original,148_2025_QH15_m_675262.txt,ok,,0.841473,0.758673,0.903681,0.020600,0.874467,0.872920,63,63
1.original,148_NQ-CP_710006.txt,ok,,0.838124,0.545055,0.992269,0.050363,0.893252,0.890820,126,126
1.original,149_2025_QH15_679698.txt,ok,,0.795448,0.722869,0.880251,0.047524,0.847123,0.845583,3,3
1.original,14_2022_QH15_519327.txt,ok,,0.843941,0.624357,0.910875,0.029794,0.888139,0.880047,79,79
1.original,14_2026_NQ-HDND_707808.txt,ok,,0.847089,0.675944,0.927092,0.043971,0.899666,0.896537,18,18
1.original,14_2026_NQ-HDND_709408.txt,ok,,0.792614,0.607092,0.911110,0.083335,0.881230,0.879708,9,9
1.original,14_2026_NQ-HDND_710206.txt,ok,,0.807804,0.571141,0.915067,0.057465,0.877074,0.877082,38,38
1.original,14_NQ-HDND_707830.txt,ok,,0.779399,0.609849,0.943805,0.076695,0.875809,0.875457,7,7
1.original,150_2025_QH15_685773.txt,ok,,0.838912,0.759383,0.917475,0.022446,0.883342,0.873524,41,41
1.original,15_2023_QH15_372143.txt,ok,,0.828111,0.610852,0.909164,0.030631,0.873678,0.868757,165,164
1.original,15_2026_NQ-HDND_707809.txt,ok,,0.834176,0.723085,0.918413,0.041143,0.882085,0.883608,11,11
1.original,15_2026_NQ-HDND_707811.txt,ok,,0.836795,0.776528,0.945946,0.039745,0.892263,0.884160,5,5
1.original,15_2026_NQ-HDND_709741.txt,ok,,0.818821,0.589290,0.946428,0.051132,0.883907,0.885826,127,124
1.original,15_NQ-HDND_707829.txt,ok,,0.839669,0.636920,0.947036,0.060030,0.911312,0.909030,13,13
1.original,16_2023_QH15_519324.txt,ok,,0.835855,0.659654,0.911781,0.026400,0.878477,0.874205,136,136
1.original,16_2026_NQ-HDND_707769.txt,ok,,0.836958,0.667520,0.938766,0.051020,0.895917,0.892799,10,10
1.original,16_2026_NQ-HDND_707810.txt,ok,,0.843571,0.728533,0.916815,0.049426,0.904506,0.900109,7,7
1.original,17_2023_QH15_499239.txt,ok,,0.835839,0.653672,0.909345,0.028158,0.882486,0.879204,185,185
1.original,17_2026_NQ-HDND_709410.txt,ok,,0.830729,0.728576,0.939967,0.048211,0.903636,0.895717,10,10
1.original,18_2023_QH15_519325.txt,ok,,0.822386,0.300668,0.912644,0.062905,0.872323,0.868766,71,71
1.original,18_2026_NQ-HDND_709411.txt,ok,,0.827665,0.683191,0.941030,0.058198,0.909748,0.909857,8,8
1.original,18_NQ-HDND_707827.txt,ok,,0.821990,0.667785,0.907825,0.081044,0.898560,0.896321,3,3
1.original,19_2023_QH15_m_500102.txt,ok,,0.840546,0.640447,0.916787,0.029049,0.881938,0.882950,114,114
1.original,19_2026_NQ-HDND_709412.txt,ok,,0.794936,0.554779,0.936198,0.074732,0.890244,0.888622,30,30
1.original,20_2023_QH15_m_513347.txt,ok,,0.834532,0.720663,0.908541,0.024587,0.874454,0.872606,63,63
1.original,20_2026_NQ-HDND_709415.txt,ok,,0.822722,0.652587,0.915527,0.056921,0.892715,0.894142,8,8
1.original,20_2026_NQ-HDND_709736.txt,ok,,0.767840,0.273887,0.908449,0.133092,0.825510,0.876361,47,46
1.original,20_NQ-HDND_707825.txt,ok,,0.827499,0.706594,0.901098,0.050419,0.886610,0.880898,6,6
1.original,21_2026_NQ-HDND_709413.txt,ok,,0.845322,0.713478,0.941511,0.038331,0.896594,0.891492,16,16
1.original,21_2026_NQ-HDND_709737.txt,ok,,0.832550,0.417884,0.909967,0.056677,0.883219,0.869877,65,65
1.original,21_NQ-HDND_707824.txt,ok,,0.752263,0.583602,0.911521,0.096992,0.862995,0.865007,5,5
1.original,22_2026_NQ-HDND_709414.txt,ok,,0.832471,0.670157,0.917135,0.053987,0.890439,0.890566,15,15
1.original,22_2026_NQ-HDND_709738.txt,ok,,0.826755,0.682628,0.907532,0.037800,0.875114,0.878493,33,34
1.original,23_2023_QH15_m_563579.txt,ok,,0.820258,0.618996,0.889848,0.041586,0.866473,0.864271,19,19
1.original,23_2026_NQ-HDND_709416.txt,ok,,0.823765,0.635139,0.933258,0.044973,0.887859,0.878941,22,22
1.original,23_2026_NQ-HDND_709739.txt,ok,,0.816927,0.576160,0.944913,0.079089,0.896092,0.896194,13,13
1.original,23_NQ-HDND_707612.txt,ok,,0.828121,0.686884,0.926163,0.059995,0.894213,0.890644,4,4
1.original,23_NQ-HDND_707821.txt,ok,,0.818912,0.706694,0.886433,0.050070,0.870048,0.863214,4,4
1.original,23_NQ-HDND_709740 (1).txt,ok,,0.839265,0.739596,0.912430,0.037110,0.887416,0.888709,10,10
1.original,23_NQ-HDND_709740.txt,ok,,0.839265,0.739596,0.912430,0.037110,0.887416,0.888709,10,10
1.original,24_2023_QH15_535782.txt,ok,,0.840013,0.621870,0.910121,0.027860,0.881515,0.877831,116,116
1.original,24_2026_NQ-HDND_709417.txt,ok,,0.822611,0.672390,0.933362,0.058059,0.900715,0.901249,8,8
1.original,24_2026_NQ-HDND_709733.txt,ok,,0.840674,0.687649,0.927525,0.031926,0.889434,0.884836,55,55
1.original,24_NQ-HDND_707611.txt,ok,,0.850808,0.689396,0.914760,0.051554,0.894735,0.896657,7,7
1.original,24_NQ-HDND_707820.txt,ok,,0.827595,0.696464,0.906756,0.054319,0.888528,0.878829,4,4
1.original,25_2023_QH15_548477.txt,ok,,0.852973,0.729810,0.918071,0.021893,0.890085,0.885603,63,63
1.original,25_2026_NQ-HDND_709430.txt,ok,,0.834111,0.728114,0.932787,0.053934,0.905315,0.906698,7,7
1.original,25_2026_NQ-HDND_709752.txt,ok,,0.822322,0.655592,0.947463,0.044039,0.876254,0.873755,24,24
1.original,26_2023_QH15_m_552422.txt,ok,,0.839230,0.549839,0.912597,0.043484,0.879637,0.882875,68,68
1.original,26_2026_NQ-HDND_709418.txt,ok,,0.841150,0.694305,0.919832,0.050516,0.895642,0.895980,20,20
1.original,26_2026_NQ-HDND_709750.txt,ok,,0.829067,0.607674,0.954880,0.034243,0.883361,0.878813,117,117
1.original,26_NQ-HDND_709743.txt,ok,,0.833000,0.635359,0.915230,0.040773,0.878567,0.877216,27,27
1.original,278_NQ-UBTVQH16_709850.txt,ok,,0.819613,0.692098,0.967554,0.050753,0.886993,0.880902,15,15
1.original,279_NQ-UBTVQH16_709851.txt,ok,,0.826494,0.608385,0.916849,0.050026,0.871195,0.869614,39,39
1.original,27_2023_QH15_528669.txt,ok,,0.833519,0.685881,0.926418,0.027257,0.884371,0.881392,378,366
1.original,27_2026_NQ-HDND_709419.txt,ok,,0.792526,0.469144,0.929597,0.114909,0.871145,0.871171,13,13
1.original,27_2026_NQ-HDND_709748.txt,ok,,0.855171,0.693483,0.933116,0.039312,0.904749,0.903417,31,31
1.original,28_2023_QH15_583801.txt,ok,,0.856820,0.620848,0.925475,0.028244,0.899260,0.893926,170,170
1.original,28_2026_NQ-CP_710007.txt,ok,,0.837600,0.728575,0.928190,0.043575,0.897584,0.902047,9,9
1.original,28_2026_NQ-HDND_709420.txt,ok,,0.825821,0.646160,0.912174,0.056712,0.892266,0.892305,10,10
1.original,28_2026_NQ-HDND_710200.txt,ok,,0.802144,0.599194,0.930200,0.048359,0.872736,0.870348,42,42
1.original,29_2023_QH15_530116.txt,ok,,0.843401,0.710127,0.928316,0.025914,0.897022,0.883187,153,152
1.original,29_2026_NQ-HDND_709421.txt,ok,,0.827174,0.725485,0.930057,0.045753,0.894167,0.895305,15,15
1.original,30_2023_QH15_445699.txt,ok,,0.823112,0.336991,0.900436,0.080758,0.861158,0.867286,39,38
1.original,30_2026_NQ-HDND_709429.txt,ok,,0.816525,0.699913,0.939409,0.048289,0.886487,0.882449,8,8
1.original,31_2024_QH15_523642.txt,ok,,0.826098,0.625361,0.932018,0.028900,0.875314,0.872539,586,583
1.original,31_2026_NQ-HDND_709428.txt,ok,,0.812572,0.614498,0.917504,0.075438,0.880408,0.881667,12,12
1.original,32_2024_QH15_m_577203.txt,ok,,0.835192,0.562183,0.936371,0.028397,0.889887,0.877614,322,322
1.original,32_2026_NQ-HDND_709422.txt,ok,,0.840453,0.735691,0.946370,0.049053,0.907681,0.900108,6,6
1.original,33_2024_QH15_545181.txt,ok,,0.839493,0.629260,0.912862,0.028095,0.881041,0.873479,81,81
1.original,33_2026_NQ-HDND_709423.txt,ok,,0.804763,0.662269,0.925678,0.061617,0.879242,0.880103,9,9
1.original,34_2024_QH15_580434.txt,ok,,0.851635,0.713091,0.950487,0.029046,0.907491,0.890952,146,146
1.original,34_NQ-HDND_709431.txt,ok,,0.827302,0.713072,0.931903,0.059851,0.907391,0.896614,4,4
1.original,3579_QD-UBND_708038.txt,ok,,0.844748,0.655433,0.906093,0.041315,0.888146,0.878392,22,22
1.original,35_2024_QH15_588811.txt,ok,,0.842604,0.732132,0.916314,0.024305,0.886466,0.880267,163,163
1.original,35_NQ-HDND_707110.txt,ok,,0.874991,0.652198,0.956149,0.041438,0.924627,0.926967,117,100
1.original,36_2024_QH15_444251.txt,ok,,0.822222,0.548131,0.939032,0.040516,0.886454,0.878924,182,182
1.original,36_NQ-HDND_707610.txt,ok,,0.837784,0.623056,0.933997,0.049001,0.899249,0.897912,23,23
1.original,37_2024_QH15_588810.txt,ok,,0.825835,0.546700,0.906789,0.042528,0.870965,0.873051,69,69
1.original,38_2024_QH15_555033.txt,ok,,0.860192,0.711986,0.911921,0.019575,0.895447,0.890548,120,120
1.original,38_2026_QD-UBND_708135.txt,ok,,0.799344,0.567215,0.905498,0.069702,0.877556,0.872245,18,18
1.original,39_2024_QH15_575158.txt,ok,,0.844019,0.746526,0.919991,0.023018,0.887260,0.882215,172,172
1.original,40_2024_QH15_564046.txt,ok,,0.826493,0.725760,0.883748,0.026626,0.868579,0.858150,17,17
1.original,40_NQ-HDND_707111.txt,ok,,0.857600,0.659546,0.933007,0.037009,0.906367,0.904957,52,53
1.original,41_2019_QH14_387991.txt,ok,,0.850456,0.704550,0.930314,0.027873,0.902597,0.894168,344,344
1.original,41_2024_QH15_557190.txt,ok,,0.813392,0.606936,0.929247,0.032483,0.871149,0.863405,207,207
1.original,42_NQ-HDND_707609.txt,ok,,0.825888,0.688276,0.943779,0.048241,0.899025,0.896943,11,11
1.original,43_2019_QH14_367665.txt,ok,,0.840822,0.346631,0.916543,0.049958,0.885197,0.879146,112,111
1.original,43_2024_QH15_612195.txt,ok,,0.668840,0.326714,0.880940,0.178528,0.815195,0.766070,5,5
1.original,44_2024_QH15_583839.txt,ok,,0.820941,0.617044,0.892362,0.037236,0.869057,0.866301,71,71
1.original,44_NQ-HDND_707608.txt,ok,,0.820982,0.707068,0.960839,0.080050,0.918387,0.918387,4,4
1.original,45_2019_QH14_333670.txt,ok,,0.835875,0.488426,0.902056,0.033051,0.873263,0.878473,209,208
1.original,45_2024_QH15_583769.txt,ok,,0.848918,0.683906,0.922807,0.024718,0.895779,0.886703,196,195
1.original,45_NQ-HDND_707607.txt,ok,,0.812309,0.726150,0.910641,0.072348,0.904450,0.904450,3,3
1.original,46_2019_QH14_398157.txt,ok,,0.847427,0.648159,0.911591,0.035059,0.886194,0.883944,57,57
1.original,46_2024_QH15_524982.txt,ok,,0.831331,0.682291,0.943554,0.025780,0.879253,0.871024,117,117
1.original,46_2026_QD-UBND_708335.txt,ok,,0.886026,0.842852,0.946873,0.035178,0.924397,0.924397,3,3
1.original,46_NQ-HDND_707606.txt,ok,,0.858682,0.693323,0.933955,0.033472,0.900002,0.891085,44,44
1.original,47_2019_QH14_411945.txt,ok,,0.828035,0.697815,0.912054,0.040711,0.877002,0.877759,28,28
1.original,47_2024_QH15_583645.txt,ok,,0.845597,0.588728,0.906877,0.037323,0.888214,0.886619,121,121
1.original,47_NQ-HDND_707603.txt,ok,,0.819947,0.591981,0.925371,0.044576,0.885015,0.883069,73,73
1.original,48_2019_QH14_366794.txt,ok,,0.841934,0.653311,0.905659,0.030529,0.885437,0.878635,65,65
1.original,48_2024_QH15_556390.txt,ok,,0.841026,0.639172,0.906683,0.033506,0.878786,0.883248,49,49
1.original,49_2019_QH14_402073.txt,ok,,0.822306,0.675132,0.890499,0.027339,0.864102,0.861673,75,75
1.original,49_2024_QH15_548487.txt,ok,,0.846444,0.491675,0.919154,0.048196,0.889442,0.891638,61,60
1.original,50_2019_QH14_411944.txt,ok,,0.701563,0.481719,0.906705,0.148759,0.825262,0.825262,4,4
1.original,50_2024_QH15_445264.txt,ok,,0.854884,0.669026,0.928239,0.029325,0.890768,0.887016,55,55
1.original,51_2019_QH14_422706.txt,ok,,0.810848,0.632641,0.922981,0.040852,0.868649,0.857714,20,20
1.original,51_2024_QH15_m_505750.txt,ok,,0.812125,0.573710,0.923888,0.041945,0.869388,0.865594,58,58
1.original,52_2019_QH14_405729.txt,ok,,0.823456,0.690688,0.896605,0.034594,0.872947,0.863106,36,36
1.original,52_2024_QH15_630032.txt,ok,,0.816627,0.683582,0.946479,0.044565,0.871764,0.873645,17,17
1.original,53_2019_QH14_351558.txt,ok,,0.850712,0.699646,0.909367,0.027738,0.887822,0.878813,47,47
1.original,53_2024_QH15_m_607439.txt,ok,,0.833183,0.661581,0.903459,0.027515,0.875005,0.870039,69,69
1.original,54_2019_QH14_399763.txt,ok,,0.847626,0.654692,0.917293,0.024439,0.893623,0.882604,233,233
1.original,54_2024_QH15_578531.txt,ok,,0.850272,0.730828,0.925760,0.023599,0.891567,0.888195,191,191
1.original,54_KH-UBND_708180.txt,ok,,0.831535,0.697730,0.917442,0.037647,0.889750,0.883999,37,37
1.original,55_2019_QH14_410870.txt,ok,,0.815380,0.645163,0.888901,0.041281,0.855880,0.860948,23,23
1.original,55_2024_QH15_621347.txt,ok,,0.832117,0.686381,0.912116,0.030144,0.878489,0.876237,97,97
1.original,56_2020_QH14_422707.txt,ok,,0.841024,0.631011,0.919347,0.042279,0.885962,0.876721,42,42
1.original,56_2024_QH15_m_622318.txt,ok,,0.829631,0.601053,0.914191,0.045541,0.885255,0.880193,70,70
1.original,57_2020_QH14_416260.txt,ok,,0.840520,0.621838,0.911509,0.042115,0.882265,0.876793,33,33
1.original,57_2024_QH15_623631.txt,ok,,0.835566,0.608791,0.917328,0.031865,0.881088,0.879107,92,92
1.original,58_2020_QH14_395767.txt,ok,,0.838522,0.666610,0.911825,0.028247,0.878316,0.875415,58,57
1.original,58_2024_QH15_m_621645.txt,ok,,0.846667,0.557400,0.913934,0.031441,0.887022,0.883313,161,161
1.original,58_2026_NQ-HDND_709771.txt,ok,,0.845869,0.784917,0.948587,0.040764,0.904744,0.892750,5,5
1.original,59_2020_QH14_427301.txt,ok,,0.830770,0.618342,0.907660,0.027367,0.878263,0.874123,356,355
1.original,59_2024_QH15_606865.txt,ok,,0.822792,0.591469,0.917330,0.034672,0.881230,0.870906,258,258
1.original,60_2020_QH14_373522.txt,ok,,0.834044,0.670152,0.917135,0.044814,0.884361,0.877503,29,29
1.original,60_2024_QH15_m_621343.txt,ok,,0.833758,0.661285,0.889154,0.029347,0.871786,0.866812,53,53
1.original,60_2026_NQ-HDND_709424.txt,ok,,0.838916,0.689632,0.924558,0.058750,0.895543,0.895087,7,7
1.original,61_2020_QH14_321051.txt,ok,,0.795174,0.521984,0.985894,0.071208,0.881771,0.880800,167,167
1.original,61_2024_QH15_613892.txt,ok,,0.836957,0.628586,0.918168,0.026324,0.882639,0.876440,182,182
1.original,62_2020_QH14_418229.txt,ok,,0.847143,0.588492,0.913790,0.031107,0.887812,0.883012,94,94
1.original,62_2025_QH15_643744.txt,ok,,0.788077,0.558806,0.906051,0.069850,0.849801,0.839792,19,19
1.original,63_2020_QH14_402074.txt,ok,,0.829032,0.700882,0.909364,0.027464,0.867899,0.865836,74,74
1.original,63_2025_QH15_639242.txt,ok,,0.834699,0.704388,0.902486,0.028085,0.873651,0.867948,46,46
1.original,63_2026_QD-UBND_709654.txt,ok,,0.859514,0.660794,0.935541,0.040066,0.903424,0.895992,30,30
1.original,64_2020_QH14_374160.txt,ok,,0.837266,0.688848,0.916829,0.025310,0.879456,0.873841,136,136
1.original,64_2025_QH15_639239.txt,ok,,0.840249,0.732191,0.911655,0.025003,0.881390,0.880753,115,114
1.original,65_2020_QH14_422708.txt,ok,,0.814740,0.697644,0.891608,0.040993,0.867505,0.858545,12,12
1.original,65_2025_QH15_639241.txt,ok,,0.829198,0.600335,0.914419,0.035649,0.881164,0.874974,119,118
1.original,66_2020_QH14_439845.txt,ok,,0.848689,0.751574,0.907029,0.024317,0.882364,0.885593,44,44
1.original,66_2025_QH15_621225.txt,ok,,0.783755,0.460093,0.912382,0.088603,0.873355,0.872193,23,23
1.original,67_2020_QH14_m_373520.txt,ok,,0.807878,0.522275,0.924083,0.039027,0.861784,0.862504,115,115
1.original,67_2025_QH15_580594.txt,ok,,0.836160,0.745663,0.917583,0.025142,0.877942,0.877053,52,52
1.original,68_2020_QH14_435315.txt,ok,,0.830719,0.710356,0.942319,0.032007,0.876221,0.878466,57,56
1.original,68_2025_QH15_578018.txt,ok,,0.833676,0.642794,0.895249,0.027847,0.869340,0.869728,77,77
1.original,69_2020_QH14_439844.txt,ok,,0.838894,0.692619,0.904316,0.027392,0.880681,0.876132,100,98
1.original,69_2025_QH15_603983.txt,ok,,0.844631,0.710723,0.920226,0.026835,0.885496,0.885700,74,74
1.original,70_2020_QH14_376557.txt,ok,,0.837692,0.607640,0.916106,0.029795,0.880613,0.872815,57,57
1.original,70_2025_QH15_580121.txt,ok,,0.844581,0.700027,0.920395,0.029729,0.886119,0.879354,56,56
1.original,70_2026_NQ-HDND_709515.txt,ok,,0.841184,0.661225,0.950036,0.058066,0.898880,0.895524,11,11
1.original,71_2020_QH14_366792.txt,ok,,0.818772,0.635988,0.900801,0.039193,0.861938,0.864787,17,17
1.original,71_2025_QH15_621341.txt,ok,,0.841131,0.557721,0.907049,0.039112,0.882661,0.881506,68,68
1.original,72_2020_QH14_431147.txt,ok,,0.846309,0.661581,0.915094,0.022795,0.888169,0.885478,333,333
1.original,72_2025_QH15_649675.txt,ok,,0.834683,0.629844,0.915137,0.031115,0.882035,0.878673,141,141
1.original,73_2021_QH14_445185.txt,ok,,0.838305,0.709587,0.908326,0.025648,0.879938,0.875555,63,63
1.original,73_2025_QH15_621345.txt,ok,,0.852950,0.738400,0.908519,0.021538,0.885058,0.883913,43,43
1.original,74_2025_QH15_m_530912.txt,ok,,0.832027,0.648357,0.916028,0.030562,0.876553,0.870141,63,63
1.original,75_2025_QH15_555035.txt,ok,,0.829319,0.614574,0.910207,0.055629,0.877931,0.878572,31,31
1.original,76_2025_QH15_659899.txt,ok,,0.831893,0.679117,0.907866,0.048428,0.873848,0.879858,17,17
1.original,77_2025_QH15_643029.txt,ok,,0.811291,0.543718,0.893643,0.076201,0.863734,0.869186,19,19
1.original,78_2025_QH15_m_623226.txt,ok,,0.841523,0.632627,0.907837,0.032797,0.884033,0.878449,72,72
1.original,79_2025_QH15_660522.txt,ok,,0.810253,0.463536,0.877061,0.068411,0.848736,0.859357,26,25
1.original,80_2025_QH15_649688.txt,ok,,0.837828,0.763607,0.908577,0.021773,0.878422,0.871636,46,46
1.original,81_2025_QH15_660533.txt,ok,,0.855381,0.699321,0.927467,0.028692,0.899786,0.892072,61,61
1.original,82_2025_QH15_660530.txt,ok,,0.811629,0.562004,0.900277,0.049677,0.858461,0.864132,25,25
1.original,83_2025_QH15_663780.txt,ok,,0.790845,0.462808,0.876114,0.071734,0.842929,0.839890,30,29
1.original,84_2025_QH15_655378.txt,ok,,0.845360,0.583094,0.928939,0.041785,0.896291,0.884446,92,92
1.original,85_2025_QH15_651570.txt,ok,,0.834694,0.574637,0.921898,0.046980,0.890759,0.888948,52,52
1.original,86_2025_QH15_662377.txt,ok,,0.782610,0.495895,0.900594,0.053070,0.856091,0.859973,118,117
1.original,87_2025_QH15_662673.txt,ok,,0.843679,0.728473,0.907509,0.030538,0.880468,0.883796,31,31
1.original,88_2025_QH15_m_659898.txt,ok,,0.810460,0.509569,0.909168,0.050264,0.865361,0.861234,48,48
1.original,89_2025_QH15_650061.txt,ok,,0.860032,0.276704,0.933774,0.051873,0.902186,0.895610,139,138
1.original,8_2026_QH16_704810.txt,ok,,0.825889,0.689061,0.890979,0.033851,0.874097,0.866345,17,17
1.original,90_2025_QH15_m_662379.txt,ok,,0.832402,0.505134,0.910637,0.040466,0.879172,0.880847,160,160
1.original,91_2025_QH15_m_625628.txt,ok,,0.846728,0.699411,0.900969,0.024308,0.882570,0.877181,61,61
1.original,92_2025_QH15_659897.txt,ok,,0.851948,0.778190,0.927837,0.023148,0.888487,0.883459,28,28
1.original,93_2025_QH15_m_581164.txt,ok,,0.846500,0.633071,0.914908,0.028271,0.889578,0.885828,146,146
1.original,94_2025_QH15_643689.txt,ok,,0.850457,0.592395,0.920088,0.032402,0.890716,0.886996,127,127
1.original,95_2025_QH15_622480.txt,ok,,0.836344,0.701622,0.927931,0.030310,0.887528,0.876019,84,84
1.original,96_2025_QH15_648594.txt,ok,,0.839984,0.741985,0.898202,0.030078,0.873715,0.871116,12,12
1.original,97_2025_QH15_663709.txt,ok,,0.809704,0.672111,0.896074,0.042442,0.860451,0.865182,15,15
1.original,98_2025_QH15_662116.txt,ok,,0.844085,0.677038,0.912007,0.034988,0.885075,0.887682,64,64
1.original,99_2025_QH15_662829.txt,ok,,0.813439,0.517735,0.931349,0.053053,0.876285,0.870433,65,64
2.insert,01_2021_QH15_486447.txt,ok,,0.838323,0.672402,0.916383,0.032988,0.888433,0.887441,18,19
2.insert,01_2026_NQ-HDND_707600.txt,ok,,0.837950,0.719912,0.909255,0.027631,0.879197,0.875840,61,62
2.insert,01_2026_NQ-HDND_707836.txt,ok,,0.792015,0.617702,0.893473,0.094012,0.831946,0.879514,4,4
2.insert,01_2026_QH16_704788.txt,ok,,0.838459,0.640563,0.922095,0.034971,0.888196,0.875831,39,40
2.insert,02_2021_QH15_489113.txt,ok,,0.708368,0.374608,0.852917,0.166603,0.736259,0.844324,5,5
2.insert,02_2026_NQ-HDND_707102.txt,ok,,0.843355,0.677873,0.943702,0.049508,0.897616,0.894877,17,18
2.insert,02_2026_NQ-HDND_707534.txt,ok,,0.842982,0.689339,0.911250,0.028060,0.885961,0.879186,70,70
2.insert,02_2026_NQ-HDND_707835.txt,ok,,0.830624,0.704566,0.905804,0.043809,0.881253,0.879921,13,13
2.insert,02_2026_NQ-HDND_708053.txt,ok,,0.836866,0.695697,0.926445,0.048144,0.892678,0.889231,8,9
2.insert,02_2026_QH16_696077.txt,ok,,0.844145,0.651438,0.908583,0.026873,0.883691,0.881273,104,105
2.insert,02_2026_UBTVQH16_708292.txt,ok,,0.804414,0.709365,0.910704,0.060619,0.858595,0.869341,4,4
2.insert,03_2022_QH15_m_486653.txt,ok,,0.823350,0.555112,0.924958,0.060542,0.877658,0.878615,29,30
2.insert,03_2026_NQ-HDND_707107.txt,ok,,0.820932,0.718388,0.908531,0.038346,0.876578,0.873653,8,9
2.insert,03_2026_NQ-HDND_707251.txt,ok,,0.833621,0.699631,0.940522,0.052802,0.888803,0.889974,12,13
2.insert,03_2026_NQ-HDND_707834.txt,ok,,0.829004,0.665924,0.906913,0.069934,0.892270,0.889202,7,8
2.insert,03_2026_NQ-HDND_709377.txt,ok,,0.839871,0.745808,0.911953,0.036261,0.883330,0.880844,8,9
2.insert,03_2026_QH16_694806.txt,ok,,0.837454,0.703201,0.892979,0.027849,0.878843,0.869007,36,37
2.insert,04_2022_QH15_477977.txt,ok,,0.820741,0.520507,0.885063,0.056589,0.862454,0.857339,30,31
2.insert,04_2026_NQ-HDND_707101.txt,ok,,0.806621,0.624491,0.993775,0.098638,0.939224,0.933198,16,17
2.insert,04_2026_NQ-HDND_707533.txt,ok,,0.831166,0.752008,0.947355,0.047320,0.901895,0.898810,6,7
2.insert,04_2026_NQ-HDND_707833.txt,ok,,0.839313,0.593786,0.911734,0.066757,0.880068,0.890694,17,17
2.insert,04_2026_NQ-HDND_707870.txt,ok,,0.808349,0.592870,0.926407,0.064972,0.890854,0.895911,12,12
2.insert,04_2026_QH16_681012.txt,ok,,0.823966,0.690624,0.891133,0.032292,0.856919,0.861081,23,24
2.insert,05_2022_QH15_486445.txt,ok,,0.836234,0.704894,0.926950,0.027838,0.888260,0.873267,59,60
2.insert,05_2026_NQ-HDND_707049.txt,ok,,0.825033,0.648728,0.919791,0.063419,0.886630,0.894177,9,9
2.insert,05_2026_NQ-HDND_707532.txt,ok,,0.839863,0.710790,0.913313,0.030342,0.882203,0.880330,25,26
2.insert,05_2026_NQ-HDND_707602.txt,ok,,0.837346,0.599566,0.922234,0.061336,0.895869,0.876916,13,14
2.insert,05_2026_NQ-HDND_707832.txt,ok,,0.801027,0.605818,0.886129,0.066736,0.865709,0.856914,11,12
2.insert,05_2026_QH16_704792.txt,ok,,0.828043,0.653154,0.899325,0.039386,0.864612,0.865228,23,24
2.insert,06_2022_QH15_418232.txt,ok,,0.820059,0.348863,0.910110,0.045289,0.875798,0.879922,135,136
2.insert,06_2026_NQ-HDND_707048.txt,ok,,0.844020,0.766510,0.953492,0.046244,0.910405,0.902558,5,6
2.insert,06_2026_NQ-HDND_707604.txt,ok,,0.825657,0.691572,0.920172,0.070415,0.909127,0.887760,3,4
2.insert,06_2026_QH16_704653.txt,ok,,0.825055,0.628588,0.907926,0.047645,0.870817,0.879223,37,37
2.insert,07_2022_QH15_458435.txt,ok,,0.829562,0.624002,0.900648,0.028056,0.872597,0.869284,167,167
2.insert,07_2026_NQ-HDND_707047.txt,ok,,0.833471,0.654727,0.919474,0.066218,0.898201,0.894725,11,12
2.insert,07_2026_NQ-HDND_707601.txt,ok,,0.754633,0.356437,0.907780,0.140999,0.814398,0.866180,13,14
2.insert,07_2026_QH16_704791.txt,ok,,0.839186,0.621259,0.912767,0.030132,0.884591,0.871951,72,73
2.insert,08_2022_QH15_m_465916.txt,ok,,0.834536,0.643566,0.911738,0.026885,0.879290,0.871750,212,212
2.insert,08_2026_NQ-HDND_707605.txt,ok,,0.818676,0.698739,0.909095,0.060187,0.902211,0.885969,4,5
2.insert,08_2026_NQ-HDND_710089.txt,ok,,0.815441,0.716896,0.940076,0.051485,0.889078,0.879994,5,6
2.insert,09_2022_QH15_m_513345.txt,ok,,0.820915,0.627224,0.883915,0.041477,0.857210,0.862593,33,33
2.insert,09_2026_NQ-HDND_707045.txt,ok,,0.820753,0.742790,0.908433,0.042557,0.876679,0.871039,4,5
2.insert,09_2026_NQ-HDND_707103.txt,ok,,0.809137,0.691312,0.893085,0.058623,0.875637,0.875868,5,6
2.insert,09_2026_QH16_703956.txt,ok,,0.750905,0.517924,0.878998,0.108662,0.815248,0.861414,5,5
2.insert,100_2025_QH15_688908.txt,ok,,0.838983,0.748931,0.903083,0.024150,0.870808,0.873893,53,54
2.insert,101_2025_QH15_686537.txt,ok,,0.839726,0.555259,0.914720,0.037623,0.878868,0.877930,64,65
2.insert,102_2025_QH15_624015.txt,ok,,0.843633,0.737004,0.901821,0.026801,0.879548,0.879827,33,34
2.insert,103_2025_QH15_686538.txt,ok,,0.830410,0.627384,0.899439,0.035501,0.872479,0.867380,49,50
2.insert,104_2025_QH15_633465.txt,ok,,0.828185,0.749620,0.912940,0.021096,0.861574,0.858243,36,37
2.insert,105_2025_QH15_667661.txt,ok,,0.852868,0.681379,0.917402,0.027066,0.891646,0.886254,76,76
2.insert,106_2025_QH15_628717.txt,ok,,0.848358,0.599969,0.929657,0.030885,0.898000,0.891581,246,247
2.insert,107_2025_QH15_346850.txt,ok,,0.833619,0.708917,0.909565,0.037592,0.885592,0.885576,31,32
2.insert,108_2025_QH15_675268.txt,ok,,0.836726,0.589255,0.917139,0.030122,0.882704,0.875383,165,166
2.insert,109_2025_QH15_665870.txt,ok,,0.835074,0.662267,0.892396,0.030846,0.872336,0.871028,33,34
2.insert,10_2022_QH15_546085.txt,ok,,0.839027,0.487304,0.917616,0.036192,0.889187,0.876841,147,146
2.insert,10_2026_NQ-HDND_707046.txt,ok,,0.792646,0.428644,0.904418,0.119999,0.885150,0.855571,7,8
2.insert,10_2026_NQ-HDND_707105.txt,ok,,0.818922,0.700799,0.909192,0.060433,0.901374,0.884594,4,5
2.insert,110_2025_QH15_581160.txt,ok,,0.835861,0.570855,0.914133,0.041074,0.881545,0.872696,51,52
2.insert,111_2025_QH15_667663.txt,ok,,0.820464,0.742459,0.890784,0.024890,0.856656,0.856433,43,44
2.insert,112_2025_QH15_586814.txt,ok,,0.839864,0.661051,0.906857,0.032823,0.882578,0.880695,122,122
2.insert,113_2025_QH15_443680.txt,ok,,0.815220,0.443305,0.919981,0.073784,0.879277,0.876732,33,34
2.insert,114_2025_QH15_658530.txt,ok,,0.819952,0.511726,0.891985,0.045358,0.863469,0.866807,62,62
2.insert,115_2025_QH15_675264.txt,ok,,0.828612,0.689073,0.899661,0.036660,0.873413,0.871457,27,28
2.insert,116_2025_QH15_666020.txt,ok,,0.831648,0.553480,0.919819,0.050836,0.886037,0.878103,96,97
2.insert,117_2025_QH15_685866.txt,ok,,0.840124,0.752689,0.921103,0.023114,0.876007,0.875835,52,53
2.insert,118_2025_QH15_682798.txt,ok,,0.815065,0.569656,0.900150,0.041930,0.867876,0.871189,76,76
2.insert,119_2025_QH15_685933.txt,ok,,0.835376,0.504192,0.905999,0.079466,0.889571,0.872972,17,18
2.insert,11_2022_QH15_544688.txt,ok,,0.852029,0.690293,0.910494,0.023634,0.887989,0.883681,134,135
2.insert,11_2026_NQ-HDND_707106.txt,ok,,0.799581,0.668680,0.929283,0.082265,0.890437,0.897840,7,7
2.insert,11_2026_NQ-HDND_707159.txt,ok,,0.852290,0.690163,0.918624,0.033210,0.895003,0.893062,28,28
2.insert,11_2026_NQ-HDND_709745.txt,ok,,0.800455,0.586025,0.924765,0.071195,0.871159,0.872185,8,8
2.insert,120_2025_QH15_666019.txt,ok,,0.831232,0.507251,0.907685,0.041475,0.872827,0.872022,88,88
2.insert,121_2025_QH15_689140.txt,ok,,0.835993,0.413291,0.906949,0.046610,0.876798,0.867928,83,84
2.insert,122_2025_QH15_662035.txt,ok,,0.838367,0.720466,0.897098,0.024019,0.880158,0.866006,64,65
2.insert,123_2025_QH15_656970.txt,ok,,0.826130,0.591020,0.897602,0.041176,0.869362,0.868769,42,43
2.insert,124_2025_QH15_687560.txt,ok,,0.848983,0.656109,0.910964,0.027711,0.889097,0.879632,62,63
2.insert,125_2025_QH15_663779.txt,ok,,0.845680,0.698405,0.906558,0.025094,0.883167,0.874067,66,67
2.insert,126_2025_QH15_581548.txt,ok,,0.856307,0.747571,0.915657,0.024026,0.891911,0.892958,64,65
2.insert,127_2025_QH15_686325.txt,ok,,0.847801,0.680925,0.932256,0.028137,0.903218,0.889830,362,363
2.insert,128_2025_QH15_679014.txt,ok,,0.807575,0.450663,0.895514,0.040241,0.855678,0.853436,110,111
2.insert,129_2025_QH15_675261.txt,ok,,0.830444,0.483185,0.897235,0.051036,0.864822,0.870399,46,46
2.insert,12_2022_QH15_505749.txt,ok,,0.847553,0.705123,0.914092,0.023639,0.887461,0.881572,111,112
2.insert,12_2026_NQ-HDND_707158.txt,ok,,0.822906,0.704872,0.946735,0.052683,0.892584,0.883263,4,5
2.insert,12_2026_NQ-HDND_709406.txt,ok,,0.818937,0.543643,0.917773,0.084459,0.873425,0.888401,11,11
2.insert,12_2026_NQ-HDND_709746.txt,ok,,0.835045,0.711491,0.938766,0.036683,0.882388,0.880745,17,17
2.insert,12_NQ-HDND_707831.txt,ok,,0.834563,0.636510,0.917256,0.045553,0.888286,0.886386,26,26
2.insert,12_NQ-HDND_708054.txt,ok,,0.842212,0.445566,0.927780,0.050831,0.894305,0.888749,97,97
2.insert,130_2025_QH15_687674.txt,ok,,0.835709,0.430150,0.929710,0.043443,0.891634,0.882507,140,141
2.insert,131_2025_QH15_675267.txt,ok,,0.822247,0.287922,0.893757,0.073768,0.860770,0.868522,61,61
2.insert,132_2025_QH15_685733.txt,ok,,0.831529,0.689055,0.918967,0.041242,0.871724,0.872728,18,19
2.insert,133_2025_QH15_675211.txt,ok,,0.846702,0.660434,0.911754,0.030653,0.883383,0.881356,72,73
2.insert,134_2025_QH15_679013.txt,ok,,0.842302,0.692731,0.894299,0.028238,0.875551,0.871995,55,56
2.insert,135_2025_QH15_675213.txt,ok,,0.845735,0.357054,0.920954,0.043616,0.893501,0.884232,149,150
2.insert,135_NQ-CP_706738.txt,ok,,0.843577,0.695816,0.902577,0.038211,0.886779,0.883360,12,13
2.insert,136_2025_QH15__686937.txt,ok,,0.802900,0.620768,0.912132,0.050133,0.864914,0.856078,27,28
2.insert,137_2025_QH15_686549.txt,ok,,0.817727,0.666023,0.885708,0.034954,0.854186,0.855759,23,24
2.insert,138_2025_QH15_686527.txt,ok,,0.827708,0.537360,0.912205,0.069943,0.876556,0.879024,20,20
2.insert,139_2025_QH15_684512.txt,ok,,0.814816,0.648498,0.895067,0.052529,0.862683,0.865498,19,19
2.insert,13_2022_QH15_490095.txt,ok,,0.837427,0.526573,0.897187,0.040443,0.874541,0.873690,63,63
2.insert,13_2026_NQ-HDND_707807.txt,ok,,0.787058,0.632400,0.914849,0.078313,0.872666,0.870678,5,6
2.insert,13_2026_NQ-HDND_709407.txt,ok,,0.831620,0.705371,0.943704,0.042915,0.890340,0.881272,7,8
2.insert,13_2026_NQ-HDND_709751.txt,ok,,0.822773,0.671891,0.934304,0.035240,0.873033,0.874495,26,27
2.insert,140_2025_QH15_675263.txt,ok,,0.815801,0.665756,0.889582,0.053767,0.861755,0.864764,13,13
2.insert,140_NQ-CP_707328.txt,ok,,0.823628,0.684514,0.922465,0.054891,0.882454,0.883841,7,8
2.insert,141_2025_QH15_686550.txt,ok,,0.845562,0.670482,0.909686,0.036900,0.881945,0.882457,25,26
2.insert,141_NQ-CP_708014.txt,ok,,0.788881,0.601486,0.876292,0.062106,0.848897,0.846140,5,6
2.insert,142_2025_QH15_675210.txt,ok,,0.841559,0.560198,0.913580,0.027784,0.886903,0.877380,153,154
2.insert,143_2025_QH15_681550.txt,ok,,0.792765,0.452996,0.982510,0.074769,0.885006,0.883042,136,136
2.insert,143_NQ-CP_709397.txt,ok,,0.837196,0.770161,0.954575,0.049947,0.906898,0.892955,3,4
2.insert,144_2025_QH15_675260.txt,ok,,0.841253,0.627239,0.906698,0.039923,0.883862,0.885110,41,41
2.insert,145_2025_QH15_684669.txt,ok,,0.839246,0.753719,0.892293,0.020597,0.871349,0.868413,39,40
2.insert,146_2025_QH15_675259.txt,ok,,0.809469,0.457850,0.915205,0.065516,0.875755,0.881344,211,211
2.insert,147_2025_QH15_675265.txt,ok,,0.827439,0.517079,0.904779,0.055487,0.871190,0.875023,44,45
2.insert,148_2025_QH15_m_675262.txt,ok,,0.842356,0.705109,0.899718,0.023508,0.875324,0.873302,63,64
2.insert,148_NQ-CP_710006.txt,ok,,0.839813,0.546298,0.988618,0.049217,0.896570,0.890135,126,126
2.insert,149_2025_QH15_679698.txt,ok,,0.768413,0.657053,0.868628,0.068093,0.846030,0.809701,3,4
2.insert,14_2022_QH15_519327.txt,ok,,0.844914,0.680515,0.915399,0.025265,0.888472,0.880403,79,79
2.insert,14_2026_NQ-HDND_707808.txt,ok,,0.847311,0.673966,0.947523,0.042646,0.897960,0.893265,18,19
2.insert,14_2026_NQ-HDND_709408.txt,ok,,0.799830,0.602767,0.933786,0.081493,0.880590,0.886989,9,9
2.insert,14_2026_NQ-HDND_710206.txt,ok,,0.808650,0.563553,0.919886,0.059241,0.876102,0.877595,38,39
2.insert,14_NQ-HDND_707830.txt,ok,,0.775973,0.634180,0.881434,0.068535,0.864576,0.858704,7,8
2.insert,150_2025_QH15_685773.txt,ok,,0.838829,0.759605,0.914201,0.022183,0.878144,0.870892,41,42
2.insert,15_2023_QH15_372143.txt,ok,,0.827556,0.608609,0.903503,0.031015,0.874880,0.867809,165,165
2.insert,15_2026_NQ-HDND_707809.txt,ok,,0.829816,0.724552,0.918075,0.041636,0.879849,0.877958,11,12
2.insert,15_2026_NQ-HDND_707811.txt,ok,,0.828609,0.765585,0.902237,0.037717,0.884491,0.871338,5,6
2.insert,15_2026_NQ-HDND_709741.txt,ok,,0.818979,0.585857,0.946219,0.051266,0.882470,0.884527,127,125
2.insert,15_NQ-HDND_707829.txt,ok,,0.840614,0.673774,0.940169,0.055995,0.909676,0.904592,13,14
2.insert,16_2023_QH15_519324.txt,ok,,0.836160,0.667071,0.904977,0.026565,0.876337,0.874203,136,137
2.insert,16_2026_NQ-HDND_707769.txt,ok,,0.834197,0.653352,0.932872,0.050677,0.896562,0.886238,10,11
2.insert,16_2026_NQ-HDND_707810.txt,ok,,0.839115,0.727242,0.924775,0.046870,0.901834,0.893588,7,8
2.insert,17_2023_QH15_499239.txt,ok,,0.835111,0.631715,0.910995,0.028244,0.881053,0.878358,185,186
2.insert,17_2026_NQ-HDND_709410.txt,ok,,0.824061,0.702899,0.915852,0.046320,0.893483,0.883923,10,11
2.insert,18_2023_QH15_519325.txt,ok,,0.827466,0.538868,0.909229,0.046564,0.872154,0.872502,71,71
2.insert,18_2026_NQ-HDND_709411.txt,ok,,0.815586,0.665185,0.942411,0.060887,0.904808,0.898443,8,9
2.insert,18_NQ-HDND_707827.txt,ok,,0.802100,0.628193,0.909893,0.085789,0.893989,0.874020,3,4
2.insert,19_2023_QH15_m_500102.txt,ok,,0.840735,0.735759,0.915588,0.026847,0.887261,0.882472,114,114
2.insert,19_2026_NQ-HDND_709412.txt,ok,,0.794139,0.566818,0.926527,0.075725,0.894734,0.890422,30,31
2.insert,20_2023_QH15_m_513347.txt,ok,,0.834328,0.717361,0.910326,0.024861,0.875237,0.872362,63,64
2.insert,20_2026_NQ-HDND_709415.txt,ok,,0.814020,0.616630,0.910161,0.062219,0.895964,0.885756,8,9
2.insert,20_2026_NQ-HDND_709736.txt,ok,,0.767738,0.287538,0.921379,0.133239,0.834672,0.876229,47,47
2.insert,20_NQ-HDND_707825.txt,ok,,0.836317,0.726391,0.902905,0.047563,0.873930,0.884372,6,6
2.insert,21_2026_NQ-HDND_709413.txt,ok,,0.840204,0.707855,0.908503,0.038800,0.891237,0.883945,16,17
2.insert,21_2026_NQ-HDND_709737.txt,ok,,0.837848,0.623308,0.921507,0.035689,0.882800,0.875257,65,65
2.insert,21_NQ-HDND_707824.txt,ok,,0.773735,0.639055,0.917963,0.089985,0.861111,0.884295,5,5
2.insert,22_2026_NQ-HDND_709414.txt,ok,,0.837120,0.666698,0.914873,0.053627,0.891782,0.895543,15,15
2.insert,22_2026_NQ-HDND_709738.txt,ok,,0.826666,0.682294,0.934759,0.038681,0.878955,0.878829,33,35
2.insert,23_2023_QH15_m_563579.txt,ok,,0.818211,0.646809,0.888845,0.039417,0.857567,0.860789,19,20
2.insert,23_2026_NQ-HDND_709416.txt,ok,,0.823377,0.646150,0.944385,0.042503,0.880991,0.874430,22,23
2.insert,23_2026_NQ-HDND_709739.txt,ok,,0.813663,0.574292,0.960931,0.076500,0.897017,0.893624,13,14
2.insert,23_NQ-HDND_707612.txt,ok,,0.824032,0.700684,0.934028,0.052649,0.891346,0.888084,4,5
2.insert,23_NQ-HDND_707821.txt,ok,,0.810491,0.722451,0.885364,0.044635,0.860892,0.856018,4,5
2.insert,23_NQ-HDND_709740 (1).txt,ok,,0.826780,0.719920,0.911244,0.040641,0.882814,0.879484,10,11
2.insert,23_NQ-HDND_709740.txt,ok,,0.826780,0.719920,0.911244,0.040641,0.882814,0.879484,10,11
2.insert,24_2023_QH15_535782.txt,ok,,0.839654,0.620024,0.914721,0.028304,0.883188,0.877294,116,117
2.insert,24_2026_NQ-HDND_709417.txt,ok,,0.806032,0.569798,0.924749,0.076362,0.900335,0.878721,8,9
2.insert,24_2026_NQ-HDND_709733.txt,ok,,0.837661,0.650392,0.933172,0.032195,0.885274,0.882331,55,56
2.insert,24_NQ-HDND_707611.txt,ok,,0.846284,0.685673,0.915694,0.049456,0.898985,0.891489,7,8
2.insert,24_NQ-HDND_707820.txt,ok,,0.833378,0.740523,0.907569,0.045907,0.890040,0.878790,4,5
2.insert,25_2023_QH15_548477.txt,ok,,0.852030,0.721323,0.913525,0.022535,0.890296,0.884645,63,64
2.insert,25_2026_NQ-HDND_709430.txt,ok,,0.787724,0.391577,0.923056,0.130420,0.898105,0.856626,7,8
2.insert,25_2026_NQ-HDND_709752.txt,ok,,0.811105,0.424474,0.934993,0.075958,0.877824,0.859109,24,25
2.insert,26_2023_QH15_m_552422.txt,ok,,0.841629,0.646296,0.906887,0.038143,0.880215,0.882526,68,68
2.insert,26_2026_NQ-HDND_709418.txt,ok,,0.841560,0.675747,0.917398,0.049149,0.894596,0.893315,20,20
2.insert,26_2026_NQ-HDND_709750.txt,ok,,0.828379,0.573453,0.928965,0.035985,0.883650,0.877537,117,118
2.insert,26_NQ-HDND_709743.txt,ok,,0.829335,0.626469,0.926440,0.041563,0.879162,0.874585,27,28
2.insert,278_NQ-UBTVQH16_709850.txt,ok,,0.816916,0.694748,0.961582,0.049198,0.893007,0.873371,15,16
2.insert,279_NQ-UBTVQH16_709851.txt,ok,,0.830263,0.596604,0.921380,0.042696,0.870007,0.868076,39,39
2.insert,27_2023_QH15_528669.txt,ok,,0.834713,0.678982,0.931614,0.027215,0.884216,0.882012,378,367
2.insert,27_2026_NQ-HDND_709419.txt,ok,,0.811549,0.467425,0.932602,0.098982,0.875811,0.888948,13,13
2.insert,27_2026_NQ-HDND_709748.txt,ok,,0.851491,0.677513,0.933435,0.039690,0.899933,0.899289,31,32
2.insert,28_2023_QH15_583801.txt,ok,,0.856925,0.650541,0.925137,0.025720,0.899463,0.893568,170,170
2.insert,28_2026_NQ-CP_710007.txt,ok,,0.833151,0.733477,0.927261,0.042139,0.892038,0.892139,9,10
2.insert,28_2026_NQ-HDND_709420.txt,ok,,0.815593,0.620852,0.914623,0.060531,0.893513,0.881045,10,11
2.insert,28_2026_NQ-HDND_710200.txt,ok,,0.799420,0.504496,0.934820,0.053887,0.870334,0.865969,42,43
2.insert,29_2023_QH15_530116.txt,ok,,0.843223,0.673276,0.934707,0.026524,0.891772,0.882950,153,153
2.insert,29_2026_NQ-HDND_709421.txt,ok,,0.826151,0.740484,0.923423,0.044097,0.888025,0.890265,15,16
2.insert,30_2023_QH15_445699.txt,ok,,0.823303,0.335283,0.899726,0.081420,0.859124,0.865966,39,39
2.insert,30_2026_NQ-HDND_709429.txt,ok,,0.806205,0.699562,0.898954,0.045623,0.869842,0.865999,8,9
2.insert,31_2024_QH15_523642.txt,ok,,0.825789,0.597986,0.926171,0.029275,0.873775,0.873070,586,584
2.insert,31_2026_NQ-HDND_709428.txt,ok,,0.821833,0.620358,0.920501,0.066375,0.874064,0.885937,12,12
2.insert,32_2024_QH15_m_577203.txt,ok,,0.835608,0.566086,0.936242,0.028085,0.891834,0.877534,322,323
2.insert,32_2026_NQ-HDND_709422.txt,ok,,0.841636,0.734663,0.942940,0.045898,0.901464,0.892665,6,7
2.insert,33_2024_QH15_545181.txt,ok,,0.838670,0.626864,0.908634,0.028122,0.875132,0.872366,81,82
2.insert,33_2026_NQ-HDND_709423.txt,ok,,0.808017,0.656980,0.926712,0.061235,0.874631,0.885091,9,9
2.insert,34_2024_QH15_580434.txt,ok,,0.851649,0.683174,0.946872,0.030254,0.906839,0.890889,146,147
2.insert,34_NQ-HDND_709431.txt,ok,,0.819401,0.734337,0.911937,0.054774,0.894996,0.886055,4,5
2.insert,3579_QD-UBND_708038.txt,ok,,0.821696,0.337007,0.925113,0.105277,0.894440,0.856172,22,23
2.insert,35_2024_QH15_588811.txt,ok,,0.841757,0.729964,0.914999,0.024729,0.884260,0.878402,163,164
2.insert,35_NQ-HDND_707110.txt,ok,,0.874099,0.645532,0.961318,0.042526,0.926613,0.927920,117,100
2.insert,36_2024_QH15_444251.txt,ok,,0.822539,0.547411,0.938525,0.041592,0.889657,0.878455,182,183
2.insert,36_NQ-HDND_707610.txt,ok,,0.832231,0.626381,0.927896,0.049294,0.892881,0.892317,23,24
2.insert,37_2024_QH15_588810.txt,ok,,0.827579,0.516405,0.909071,0.041987,0.871599,0.873415,69,70
2.insert,38_2024_QH15_555033.txt,ok,,0.859719,0.693946,0.930340,0.020645,0.896404,0.889026,120,121
2.insert,38_2026_QD-UBND_708135.txt,ok,,0.803922,0.586170,0.901319,0.062735,0.868776,0.868064,18,18
2.insert,39_2024_QH15_575158.txt,ok,,0.843160,0.697749,0.915674,0.023867,0.888121,0.880997,172,173
2.insert,40_2024_QH15_564046.txt,ok,,0.823286,0.742671,0.895876,0.026618,0.872079,0.854675,17,18
2.insert,40_NQ-HDND_707111.txt,ok,,0.856530,0.629934,0.936552,0.038926,0.902404,0.901948,52,54
2.insert,41_2019_QH14_387991.txt,ok,,0.850427,0.690521,0.931992,0.028279,0.903688,0.894114,344,345
2.insert,41_2024_QH15_557190.txt,ok,,0.812882,0.598043,0.928995,0.032535,0.871406,0.862637,207,208
2.insert,42_NQ-HDND_707609.txt,ok,,0.827498,0.677567,0.924539,0.046049,0.881641,0.883261,11,11
2.insert,43_2019_QH14_367665.txt,ok,,0.839566,0.340694,0.902651,0.049876,0.875083,0.877182,112,112
2.insert,43_2024_QH15_612195.txt,ok,,0.738703,0.516094,0.879037,0.104024,0.813111,0.846443,5,5
2.insert,44_2024_QH15_583839.txt,ok,,0.823368,0.644189,0.897151,0.035296,0.863454,0.866864,71,71
2.insert,44_NQ-HDND_707608.txt,ok,,0.794490,0.675086,0.917727,0.078434,0.877149,0.871043,4,5
2.insert,45_2019_QH14_333670.txt,ok,,0.835862,0.483244,0.904759,0.032835,0.873936,0.878489,209,209
2.insert,45_2024_QH15_583769.txt,ok,,0.847986,0.623990,0.925534,0.026133,0.892589,0.886335,196,196
2.insert,45_NQ-HDND_707607.txt,ok,,0.801684,0.716419,0.939508,0.073306,0.908273,0.892861,3,4
2.insert,46_2019_QH14_398157.txt,ok,,0.849767,0.649750,0.914157,0.031676,0.885899,0.885533,57,57
2.insert,46_2024_QH15_524982.txt,ok,,0.832131,0.678307,0.914704,0.025157,0.878676,0.870592,117,118
2.insert,46_2026_QD-UBND_708335.txt,ok,,0.869556,0.799928,0.933602,0.037619,0.921472,0.906906,3,4
2.insert,46_NQ-HDND_707606.txt,ok,,0.860341,0.682801,0.928931,0.032937,0.898958,0.892516,44,45
2.insert,47_2019_QH14_411945.txt,ok,,0.816677,0.528416,0.903047,0.057753,0.872620,0.867936,28,29
2.insert,47_2024_QH15_583645.txt,ok,,0.846596,0.640727,0.917711,0.034763,0.892322,0.886957,121,121
2.insert,47_NQ-HDND_707603.txt,ok,,0.820726,0.612821,0.924745,0.044245,0.884404,0.881884,73,73
2.insert,48_2019_QH14_366794.txt,ok,,0.843556,0.696306,0.909161,0.025830,0.882287,0.878791,65,65
2.insert,48_2024_QH15_556390.txt,ok,,0.838322,0.637483,0.913278,0.036394,0.877802,0.879308,49,50
2.insert,49_2019_QH14_402073.txt,ok,,0.820354,0.672282,0.894552,0.028228,0.861363,0.859589,75,76
2.insert,49_2024_QH15_548487.txt,ok,,0.846636,0.487167,0.921951,0.048264,0.888980,0.890930,61,61
2.insert,50_2019_QH14_411944.txt,ok,,0.748991,0.504265,0.878126,0.121324,0.802878,0.851752,4,4
2.insert,50_2024_QH15_445264.txt,ok,,0.852178,0.506302,0.923492,0.046647,0.894016,0.883814,55,56
2.insert,51_2019_QH14_422706.txt,ok,,0.812828,0.646833,0.918036,0.038039,0.866525,0.857219,20,21
2.insert,51_2024_QH15_m_505750.txt,ok,,0.814955,0.597275,0.927199,0.037861,0.866865,0.864844,58,58
2.insert,52_2019_QH14_405729.txt,ok,,0.819786,0.686912,0.892689,0.035053,0.865985,0.859446,36,37
2.insert,52_2024_QH15_630032.txt,ok,,0.811335,0.645695,0.943084,0.047654,0.869443,0.868482,17,18
2.insert,53_2019_QH14_351558.txt,ok,,0.843617,0.468722,0.900488,0.052918,0.884310,0.870929,47,48
2.insert,53_2024_QH15_m_607439.txt,ok,,0.834900,0.706790,0.912622,0.025880,0.878038,0.871583,69,69
2.insert,54_2019_QH14_399763.txt,ok,,0.847685,0.612315,0.916624,0.025422,0.891962,0.881761,233,234
2.insert,54_2024_QH15_578531.txt,ok,,0.849229,0.625848,0.920081,0.025555,0.889982,0.886790,191,192
2.insert,54_KH-UBND_708180.txt,ok,,0.832513,0.693177,0.911426,0.034332,0.885575,0.879096,37,38
2.insert,55_2019_QH14_410870.txt,ok,,0.816665,0.691722,0.888631,0.037463,0.856461,0.859231,23,23
2.insert,55_2024_QH15_621347.txt,ok,,0.832272,0.636617,0.905379,0.030587,0.878710,0.875812,97,98
2.insert,56_2020_QH14_422707.txt,ok,,0.844219,0.646405,0.925074,0.038184,0.891657,0.878818,42,42
2.insert,56_2024_QH15_m_622318.txt,ok,,0.831538,0.608987,0.911070,0.042354,0.884661,0.881091,70,70
2.insert,57_2020_QH14_416260.txt,ok,,0.842018,0.645558,0.912141,0.034095,0.882380,0.875227,33,33
2.insert,57_2024_QH15_623631.txt,ok,,0.834847,0.614794,0.919672,0.034010,0.879795,0.878281,92,93
2.insert,58_2020_QH14_395767.txt,ok,,0.838272,0.667834,0.905540,0.027953,0.876453,0.874723,58,58
2.insert,58_2024_QH15_m_621645.txt,ok,,0.846358,0.539362,0.909900,0.031691,0.884859,0.881991,161,162
2.insert,58_2026_NQ-HDND_709771.txt,ok,,0.834943,0.759721,0.960414,0.043845,0.904316,0.879751,5,6
2.insert,59_2020_QH14_427301.txt,ok,,0.829807,0.605999,0.906435,0.027942,0.880908,0.873961,356,356
2.insert,59_2024_QH15_606865.txt,ok,,0.820329,0.286158,0.913835,0.045833,0.881058,0.868282,258,259
2.insert,60_2020_QH14_373522.txt,ok,,0.836667,0.678217,0.910099,0.041197,0.879250,0.877636,29,29
2.insert,60_2024_QH15_m_621343.txt,ok,,0.829745,0.461384,0.891016,0.045778,0.872021,0.863679,53,54
2.insert,60_2026_NQ-HDND_709424.txt,ok,,0.836241,0.687878,0.932097,0.055534,0.898771,0.889609,7,8
2.insert,61_2020_QH14_321051.txt,ok,,0.795466,0.525204,0.983552,0.070234,0.880519,0.879517,167,168
2.insert,61_2024_QH15_613892.txt,ok,,0.836071,0.632727,0.910831,0.029215,0.880648,0.875820,182,183
2.insert,62_2020_QH14_418229.txt,ok,,0.848992,0.661500,0.914053,0.027547,0.891201,0.883882,94,94
2.insert,62_2025_QH15_643744.txt,ok,,0.795859,0.552806,0.896673,0.055594,0.840853,0.843004,19,19
2.insert,63_2020_QH14_402074.txt,ok,,0.828178,0.666417,0.907665,0.029607,0.872674,0.865593,74,75
2.insert,63_2025_QH15_639242.txt,ok,,0.833369,0.675597,0.907519,0.028956,0.873212,0.866112,46,47
2.insert,63_2026_QD-UBND_709654.txt,ok,,0.857955,0.636794,0.913133,0.039492,0.897991,0.892335,30,31
2.insert,64_2020_QH14_374160.txt,ok,,0.837003,0.662953,0.899667,0.024941,0.876472,0.871937,136,137
2.insert,64_2025_QH15_639239.txt,ok,,0.839482,0.713411,0.910455,0.025402,0.881025,0.880979,115,115
2.insert,65_2020_QH14_422708.txt,ok,,0.812305,0.639874,0.888181,0.049106,0.863620,0.854807,12,13
2.insert,65_2025_QH15_639241.txt,ok,,0.829231,0.595662,0.919941,0.035809,0.880945,0.875021,119,119
2.insert,66_2020_QH14_439845.txt,ok,,0.847163,0.749398,0.913707,0.025306,0.883000,0.883798,44,45
2.insert,66_2025_QH15_621225.txt,ok,,0.784251,0.399334,0.922602,0.087662,0.869614,0.869995,23,23
2.insert,67_2020_QH14_m_373520.txt,ok,,0.809035,0.597460,0.909596,0.038233,0.863158,0.863168,115,115
2.insert,67_2025_QH15_580594.txt,ok,,0.837025,0.730847,0.912586,0.026835,0.878422,0.876906,52,53
2.insert,68_2020_QH14_435315.txt,ok,,0.831780,0.677597,0.923094,0.033664,0.879351,0.879546,57,57
2.insert,68_2025_QH15_578018.txt,ok,,0.834228,0.640472,0.891356,0.028568,0.869035,0.869161,77,78
2.insert,69_2020_QH14_439844.txt,ok,,0.838766,0.668120,0.910726,0.027987,0.886212,0.875755,100,99
2.insert,69_2025_QH15_603983.txt,ok,,0.842552,0.623211,0.918500,0.031364,0.883358,0.883200,74,75
2.insert,70_2020_QH14_376557.txt,ok,,0.839769,0.727913,0.914889,0.024916,0.882027,0.873742,57,57
2.insert,70_2025_QH15_580121.txt,ok,,0.845075,0.717183,0.906538,0.028646,0.881543,0.878533,56,57
2.insert,70_2026_NQ-HDND_709515.txt,ok,,0.842031,0.654231,0.961156,0.055871,0.902187,0.893570,11,12
2.insert,71_2020_QH14_366792.txt,ok,,0.815078,0.655763,0.884381,0.040537,0.860441,0.862288,17,18
2.insert,71_2025_QH15_621341.txt,ok,,0.840916,0.560976,0.908157,0.039149,0.882924,0.880493,68,69
2.insert,72_2020_QH14_431147.txt,ok,,0.845730,0.650107,0.914766,0.023098,0.888185,0.884843,333,334
2.insert,72_2025_QH15_649675.txt,ok,,0.834620,0.585491,0.916558,0.033688,0.883381,0.878473,141,142
2.insert,73_2021_QH14_445185.txt,ok,,0.838240,0.693661,0.908080,0.026533,0.874955,0.875577,63,64
2.insert,73_2025_QH15_621345.txt,ok,,0.851278,0.728241,0.903840,0.022424,0.881696,0.881572,43,44
2.insert,74_2025_QH15_m_530912.txt,ok,,0.833826,0.715604,0.907435,0.026608,0.873221,0.869440,63,63
2.insert,75_2025_QH15_555035.txt,ok,,0.831595,0.611711,0.902210,0.045970,0.873687,0.876972,31,31
2.insert,76_2025_QH15_659899.txt,ok,,0.838232,0.682304,0.918034,0.045301,0.881416,0.882969,17,17
2.insert,77_2025_QH15_643029.txt,ok,,0.817069,0.530235,0.892271,0.067763,0.859040,0.873919,19,19
2.insert,78_2025_QH15_m_623226.txt,ok,,0.840163,0.642629,0.906493,0.033714,0.881320,0.876439,72,73
2.insert,79_2025_QH15_660522.txt,ok,,0.808084,0.465808,0.877426,0.068183,0.845642,0.855712,26,26
2.insert,80_2025_QH15_649688.txt,ok,,0.836802,0.764839,0.898140,0.020963,0.871853,0.869400,46,47
2.insert,81_2025_QH15_660533.txt,ok,,0.856564,0.701979,0.929376,0.028384,0.901627,0.892233,61,62
2.insert,82_2025_QH15_660530.txt,ok,,0.815494,0.657585,0.889176,0.042627,0.857313,0.863347,25,25
2.insert,83_2025_QH15_663780.txt,ok,,0.790846,0.463177,0.876462,0.071107,0.842998,0.839065,30,30
2.insert,84_2025_QH15_655378.txt,ok,,0.845731,0.590801,0.935202,0.041336,0.894283,0.884173,92,93
2.insert,85_2025_QH15_651570.txt,ok,,0.834485,0.632062,0.927194,0.045613,0.891989,0.888725,52,52
2.insert,86_2025_QH15_662377.txt,ok,,0.784716,0.525785,0.902886,0.052508,0.858676,0.860205,118,118
2.insert,87_2025_QH15_662673.txt,ok,,0.838669,0.659348,0.907963,0.036657,0.884400,0.879215,31,32
2.insert,88_2025_QH15_m_659898.txt,ok,,0.814844,0.582249,0.915873,0.047734,0.867689,0.864360,48,48
2.insert,89_2025_QH15_650061.txt,ok,,0.859539,0.285669,0.931751,0.051960,0.901017,0.894620,139,139
2.insert,8_2026_QH16_704810.txt,ok,,0.820817,0.689508,0.884503,0.034281,0.868811,0.862396,17,18
2.insert,90_2025_QH15_m_662379.txt,ok,,0.832404,0.484095,0.908977,0.041303,0.879556,0.879757,160,161
2.insert,91_2025_QH15_m_625628.txt,ok,,0.845867,0.648688,0.903156,0.029799,0.883672,0.875554,61,62
2.insert,92_2025_QH15_659897.txt,ok,,0.852376,0.774697,0.924138,0.023655,0.886604,0.882544,28,29
2.insert,93_2025_QH15_m_581164.txt,ok,,0.845572,0.616646,0.912208,0.030495,0.889642,0.884812,146,147
2.insert,94_2025_QH15_643689.txt,ok,,0.852408,0.655576,0.921077,0.027268,0.889900,0.887694,127,127
2.insert,95_2025_QH15_622480.txt,ok,,0.836147,0.698327,0.924068,0.029864,0.884817,0.875145,84,85
2.insert,96_2025_QH15_648594.txt,ok,,0.832605,0.728755,0.895972,0.034332,0.874198,0.863461,12,13
2.insert,97_2025_QH15_663709.txt,ok,,0.803852,0.655607,0.891271,0.044500,0.855713,0.859810,15,16
2.insert,98_2025_QH15_662116.txt,ok,,0.843962,0.657869,0.921422,0.032992,0.889138,0.887963,64,64
2.insert,99_2025_QH15_662829.txt,ok,,0.816089,0.528616,0.921673,0.049972,0.877680,0.871601,65,65
3.delete,01_2021_QH15_486447.txt,ok,,0.839047,0.682286,0.918763,0.032918,0.888310,0.891198,18,18
3.delete,01_2026_NQ-HDND_707600.txt,ok,,0.836456,0.700161,0.909225,0.028489,0.874723,0.875760,61,61
3.delete,01_2026_NQ-HDND_707836.txt,ok,,0.794103,0.604859,0.901247,0.097789,0.833483,0.885854,4,3
3.delete,01_2026_QH16_704788.txt,ok,,0.833147,0.381955,0.923221,0.062842,0.890237,0.870022,39,39
3.delete,02_2021_QH15_489113.txt,ok,,0.726917,0.377451,0.879107,0.172468,0.756231,0.858479,5,4
3.delete,02_2026_NQ-HDND_707102.txt,ok,,0.842301,0.672692,0.945274,0.050183,0.899319,0.897285,17,17
3.delete,02_2026_NQ-HDND_707534.txt,ok,,0.842354,0.695848,0.914085,0.028224,0.883790,0.878520,70,69
3.delete,02_2026_NQ-HDND_707835.txt,ok,,0.831429,0.704761,0.899993,0.044162,0.880842,0.881787,13,12
3.delete,02_2026_NQ-HDND_708053.txt,ok,,0.836013,0.704501,0.930041,0.049624,0.901514,0.893449,8,8
3.delete,02_2026_QH16_696077.txt,ok,,0.840836,0.279155,0.915099,0.056196,0.886407,0.878078,104,104
3.delete,02_2026_UBTVQH16_708292.txt,ok,,0.818615,0.733998,0.911273,0.057095,0.863692,0.883564,4,3
3.delete,03_2022_QH15_m_486653.txt,ok,,0.822585,0.550631,0.922191,0.061307,0.878352,0.878747,29,29
3.delete,03_2026_NQ-HDND_707107.txt,ok,,0.822055,0.720226,0.916284,0.039716,0.876280,0.876832,8,8
3.delete,03_2026_NQ-HDND_707251.txt,ok,,0.831124,0.686352,0.941569,0.057137,0.890976,0.893527,12,12
3.delete,03_2026_NQ-HDND_707834.txt,ok,,0.822993,0.668879,0.915334,0.072723,0.890224,0.888840,7,7
3.delete,03_2026_NQ-HDND_709377.txt,ok,,0.843530,0.750388,0.917027,0.036544,0.886886,0.885275,8,8
3.delete,03_2026_QH16_694806.txt,ok,,0.837708,0.692604,0.888672,0.028050,0.874115,0.868502,36,36
3.delete,04_2022_QH15_477977.txt,ok,,0.822962,0.587182,0.887113,0.047239,0.857127,0.859635,30,30
3.delete,04_2026_NQ-HDND_707101.txt,ok,,0.811651,0.640654,0.994929,0.097946,0.942145,0.940848,16,16
3.delete,04_2026_NQ-HDND_707533.txt,ok,,0.836145,0.749085,0.944198,0.049453,0.906232,0.909721,6,6
3.delete,04_2026_NQ-HDND_707833.txt,ok,,0.840765,0.588128,0.912848,0.067559,0.883169,0.894575,17,16
3.delete,04_2026_NQ-HDND_707870.txt,ok,,0.807767,0.584441,0.923377,0.066162,0.890370,0.898815,12,11
3.delete,04_2026_QH16_681012.txt,ok,,0.822014,0.668447,0.890434,0.034322,0.853247,0.861669,23,23
3.delete,05_2022_QH15_486445.txt,ok,,0.835682,0.678155,0.921194,0.029047,0.885869,0.873363,59,59
3.delete,05_2026_NQ-HDND_707049.txt,ok,,0.826355,0.647006,0.921979,0.063391,0.887617,0.899708,9,8
3.delete,05_2026_NQ-HDND_707532.txt,ok,,0.840694,0.668914,0.919684,0.032838,0.884415,0.881866,25,25
3.delete,05_2026_NQ-HDND_707602.txt,ok,,0.854162,0.763003,0.922379,0.032968,0.895255,0.896176,13,12
3.delete,05_2026_NQ-HDND_707832.txt,ok,,0.815406,0.599828,0.894927,0.061677,0.873146,0.873471,11,10
3.delete,05_2026_QH16_704792.txt,ok,,0.829431,0.637671,0.898452,0.039449,0.865946,0.866667,23,23
3.delete,06_2022_QH15_418232.txt,ok,,0.822557,0.646580,0.909577,0.034072,0.875166,0.881772,135,134
3.delete,06_2026_NQ-HDND_707048.txt,ok,,0.844185,0.763043,0.948227,0.047707,0.909492,0.908806,5,5
3.delete,06_2026_NQ-HDND_707604.txt,ok,,0.849381,0.734938,0.924305,0.066273,0.918253,0.918253,3,3
3.delete,06_2026_QH16_704653.txt,ok,,0.825073,0.628280,0.904453,0.047769,0.872206,0.879287,37,36
3.delete,07_2022_QH15_458435.txt,ok,,0.828511,0.625623,0.901346,0.027911,0.872571,0.868028,167,166
3.delete,07_2026_NQ-HDND_707047.txt,ok,,0.831646,0.663320,0.916859,0.067162,0.892103,0.890516,11,11
3.delete,07_2026_NQ-HDND_707601.txt,ok,,0.756550,0.366980,0.913592,0.142216,0.816644,0.868029,13,13
3.delete,07_2026_QH16_704791.txt,ok,,0.841207,0.623285,0.910377,0.028703,0.880075,0.873032,72,72
3.delete,08_2022_QH15_m_465916.txt,ok,,0.834906,0.640543,0.901232,0.026457,0.877081,0.872217,212,211
3.delete,08_2026_NQ-HDND_707605.txt,ok,,0.821063,0.724508,0.908534,0.059618,0.891460,0.892892,4,4
3.delete,08_2026_NQ-HDND_710089.txt,ok,,0.812784,0.708954,0.921862,0.052341,0.877043,0.879306,5,5
3.delete,09_2022_QH15_m_513345.txt,ok,,0.822654,0.635923,0.886119,0.041024,0.856564,0.864172,33,32
3.delete,09_2026_NQ-HDND_707045.txt,ok,,0.823343,0.734210,0.911201,0.044931,0.876868,0.875945,4,4
3.delete,09_2026_NQ-HDND_707103.txt,ok,,0.779857,0.569901,0.919270,0.099692,0.866532,0.842136,5,5
3.delete,09_2026_QH16_703956.txt,ok,,0.759283,0.508462,0.893461,0.107986,0.819346,0.873110,5,4
3.delete,100_2025_QH15_688908.txt,ok,,0.838249,0.738687,0.898174,0.024012,0.868207,0.874216,53,53
3.delete,101_2025_QH15_686537.txt,ok,,0.844131,0.747128,0.909435,0.023453,0.880054,0.881525,64,63
3.delete,102_2025_QH15_624015.txt,ok,,0.844079,0.737722,0.903466,0.026403,0.880915,0.880393,33,33
3.delete,103_2025_QH15_686538.txt,ok,,0.829197,0.556796,0.900056,0.041183,0.872836,0.866898,49,49
3.delete,104_2025_QH15_633465.txt,ok,,0.827921,0.740604,0.898357,0.020611,0.857427,0.857424,36,36
3.delete,105_2025_QH15_667661.txt,ok,,0.853701,0.685114,0.918443,0.026863,0.892074,0.886987,76,75
3.delete,106_2025_QH15_628717.txt,ok,,0.848865,0.597496,0.929791,0.030850,0.896649,0.891643,246,246
3.delete,107_2025_QH15_346850.txt,ok,,0.832255,0.691133,0.913043,0.039334,0.886082,0.885015,31,31
3.delete,108_2025_QH15_675268.txt,ok,,0.836978,0.623689,0.918019,0.029183,0.884250,0.875462,165,165
3.delete,109_2025_QH15_665870.txt,ok,,0.836074,0.663926,0.892950,0.030081,0.872288,0.872148,33,33
3.delete,10_2022_QH15_546085.txt,ok,,0.838002,0.354459,0.918239,0.041740,0.891341,0.876137,147,145
3.delete,10_2026_NQ-HDND_707046.txt,ok,,0.841027,0.706378,0.913511,0.050550,0.889811,0.903573,7,6
3.delete,10_2026_NQ-HDND_707105.txt,ok,,0.828347,0.716083,0.924839,0.057944,0.901056,0.896459,4,4
3.delete,110_2025_QH15_581160.txt,ok,,0.840553,0.697485,0.908314,0.026575,0.877786,0.875977,51,50
3.delete,111_2025_QH15_667663.txt,ok,,0.820899,0.729482,0.888730,0.025593,0.858297,0.857814,43,43
3.delete,112_2025_QH15_586814.txt,ok,,0.839717,0.644862,0.910615,0.033059,0.884093,0.881236,122,121
3.delete,113_2025_QH15_443680.txt,ok,,0.816201,0.454910,0.918157,0.073158,0.879459,0.877411,33,33
3.delete,114_2025_QH15_658530.txt,ok,,0.820845,0.510030,0.895704,0.045188,0.863534,0.867242,62,61
3.delete,115_2025_QH15_675264.txt,ok,,0.829361,0.690965,0.903052,0.037505,0.875145,0.873112,27,27
3.delete,116_2025_QH15_666020.txt,ok,,0.832305,0.525159,0.925737,0.052174,0.889904,0.877366,96,96
3.delete,117_2025_QH15_685866.txt,ok,,0.841564,0.747119,0.925698,0.023209,0.879723,0.876677,52,52
3.delete,118_2025_QH15_682798.txt,ok,,0.815086,0.573929,0.903433,0.042728,0.870203,0.872146,76,75
3.delete,119_2025_QH15_685933.txt,ok,,0.853602,0.684771,0.914349,0.044538,0.892572,0.890953,17,16
3.delete,11_2022_QH15_544688.txt,ok,,0.851977,0.670553,0.909187,0.023619,0.888658,0.883636,134,134
3.delete,11_2026_NQ-HDND_707106.txt,ok,,0.806526,0.671299,0.937655,0.083209,0.896036,0.909331,7,6
3.delete,11_2026_NQ-HDND_707159.txt,ok,,0.850611,0.688241,0.911420,0.033699,0.888231,0.891850,28,27
3.delete,11_2026_NQ-HDND_709745.txt,ok,,0.803619,0.584812,0.924485,0.071963,0.874155,0.880713,8,7
3.delete,120_2025_QH15_666019.txt,ok,,0.830904,0.505414,0.909494,0.041619,0.872682,0.872370,88,87
3.delete,121_2025_QH15_689140.txt,ok,,0.840537,0.728267,0.913603,0.023421,0.881125,0.872283,83,82
3.delete,122_2025_QH15_662035.txt,ok,,0.837285,0.705278,0.905128,0.024770,0.877057,0.865426,64,64
3.delete,123_2025_QH15_656970.txt,ok,,0.827401,0.617112,0.899814,0.041289,0.869288,0.870188,42,42
3.delete,124_2025_QH15_687560.txt,ok,,0.848872,0.645231,0.906256,0.027424,0.887614,0.879753,62,62
3.delete,125_2025_QH15_663779.txt,ok,,0.846151,0.679976,0.909231,0.026641,0.892342,0.874506,66,66
3.delete,126_2025_QH15_581548.txt,ok,,0.855756,0.758399,0.920848,0.024306,0.891647,0.891653,64,64
3.delete,127_2025_QH15_686325.txt,ok,,0.847944,0.680833,0.934536,0.027996,0.902676,0.889975,362,362
3.delete,128_2025_QH15_679014.txt,ok,,0.807832,0.633582,0.892832,0.029646,0.858284,0.853144,110,109
3.delete,129_2025_QH15_675261.txt,ok,,0.830430,0.478596,0.894362,0.050885,0.861391,0.870379,46,45
3.delete,12_2022_QH15_505749.txt,ok,,0.847233,0.701870,0.914005,0.023302,0.885823,0.881714,111,111
3.delete,12_2026_NQ-HDND_707158.txt,ok,,0.836815,0.760081,0.929955,0.043938,0.891035,0.896559,4,4
3.delete,12_2026_NQ-HDND_709406.txt,ok,,0.819753,0.540202,0.904572,0.085155,0.871475,0.888837,11,10
3.delete,12_2026_NQ-HDND_709746.txt,ok,,0.834339,0.712652,0.930595,0.037617,0.885015,0.882050,17,16
3.delete,12_NQ-HDND_707831.txt,ok,,0.833669,0.632300,0.918218,0.046701,0.887003,0.887187,26,25
3.delete,12_NQ-HDND_708054.txt,ok,,0.842369,0.425588,0.936953,0.051001,0.895121,0.887510,97,96
3.delete,130_2025_QH15_687674.txt,ok,,0.837423,0.548523,0.929772,0.037227,0.892156,0.884461,140,139
3.delete,131_2025_QH15_675267.txt,ok,,0.822027,0.284703,0.897244,0.074142,0.862615,0.869218,61,60
3.delete,132_2025_QH15_685733.txt,ok,,0.831013,0.678607,0.913818,0.042442,0.870739,0.872603,18,18
3.delete,133_2025_QH15_675211.txt,ok,,0.847418,0.627709,0.905125,0.031109,0.886116,0.882031,72,72
3.delete,134_2025_QH15_679013.txt,ok,,0.842047,0.604857,0.895849,0.036009,0.877296,0.872177,55,55
3.delete,135_2025_QH15_675213.txt,ok,,0.848820,0.577918,0.920149,0.031058,0.892906,0.887099,149,148
3.delete,135_NQ-CP_706738.txt,ok,,0.843041,0.714898,0.905330,0.039148,0.885605,0.884794,12,12
3.delete,136_2025_QH15__686937.txt,ok,,0.804779,0.623576,0.908251,0.050618,0.867454,0.857919,27,27
3.delete,137_2025_QH15_686549.txt,ok,,0.813322,0.581295,0.882829,0.050171,0.853980,0.851314,23,23
3.delete,138_2025_QH15_686527.txt,ok,,0.827722,0.534419,0.904964,0.070169,0.874542,0.879670,20,19
3.delete,139_2025_QH15_684512.txt,ok,,0.816118,0.646811,0.894908,0.053521,0.866019,0.867198,19,18
3.delete,13_2022_QH15_490095.txt,ok,,0.838261,0.531859,0.900402,0.041023,0.875570,0.874484,63,62
3.delete,13_2026_NQ-HDND_707807.txt,ok,,0.799184,0.644763,0.903725,0.080810,0.873289,0.893076,5,4
3.delete,13_2026_NQ-HDND_709407.txt,ok,,0.832983,0.702049,0.954309,0.045106,0.891302,0.887628,7,7
3.delete,13_2026_NQ-HDND_709751.txt,ok,,0.821900,0.685316,0.933492,0.035762,0.872831,0.874194,26,26
3.delete,140_2025_QH15_675263.txt,ok,,0.815499,0.642896,0.885046,0.055589,0.860188,0.865292,13,12
3.delete,140_NQ-CP_707328.txt,ok,,0.825842,0.684661,0.912425,0.056847,0.884373,0.889247,7,7
3.delete,141_2025_QH15_686550.txt,ok,,0.849886,0.670345,0.910698,0.036583,0.884235,0.885370,25,25
3.delete,141_NQ-CP_708014.txt,ok,,0.815508,0.746186,0.900581,0.039028,0.858184,0.874088,5,4
3.delete,142_2025_QH15_675210.txt,ok,,0.839430,0.290576,0.920144,0.047830,0.890986,0.874343,153,153
3.delete,143_2025_QH15_681550.txt,ok,,0.793316,0.451953,0.982660,0.073736,0.883106,0.881993,136,135
3.delete,143_NQ-CP_709397.txt,ok,,0.798764,0.695249,0.909220,0.069415,0.859715,0.849266,3,3
3.delete,144_2025_QH15_675260.txt,ok,,0.842082,0.650017,0.905533,0.040166,0.884599,0.885769,41,40
3.delete,145_2025_QH15_684669.txt,ok,,0.839136,0.747600,0.887435,0.020927,0.869188,0.867262,39,39
3.delete,146_2025_QH15_675259.txt,ok,,0.808500,0.447711,0.918025,0.065671,0.876846,0.880789,211,210
3.delete,147_2025_QH15_675265.txt,ok,,0.826894,0.520363,0.899290,0.056231,0.873085,0.874814,44,44
3.delete,148_2025_QH15_m_675262.txt,ok,,0.840767,0.675025,0.895592,0.024917,0.874137,0.871281,63,63
3.delete,148_NQ-CP_710006.txt,ok,,0.839064,0.540519,0.989057,0.049798,0.895827,0.889505,126,125
3.delete,149_2025_QH15_679698.txt,ok,,0.768654,0.681341,0.880251,0.069705,0.847123,0.814901,3,3
3.delete,14_2022_QH15_519327.txt,ok,,0.844691,0.687567,0.899576,0.025052,0.880320,0.879776,79,78
3.delete,14_2026_NQ-HDND_707808.txt,ok,,0.846557,0.675580,0.945116,0.044052,0.899818,0.896396,18,18
3.delete,14_2026_NQ-HDND_709408.txt,ok,,0.798922,0.608086,0.927155,0.085016,0.882850,0.890657,9,8
3.delete,14_2026_NQ-HDND_710206.txt,ok,,0.807160,0.566984,0.908202,0.058365,0.874765,0.875144,38,38
3.delete,14_NQ-HDND_707830.txt,ok,,0.776606,0.629245,0.882262,0.068817,0.865085,0.861852,7,7
3.delete,150_2025_QH15_685773.txt,ok,,0.839553,0.765849,0.914980,0.021528,0.878637,0.872329,41,41
3.delete,15_2023_QH15_372143.txt,ok,,0.827949,0.610115,0.904077,0.030711,0.874978,0.867643,165,164
3.delete,15_2026_NQ-HDND_707809.txt,ok,,0.833910,0.722299,0.918413,0.040441,0.882845,0.883701,11,11
3.delete,15_2026_NQ-HDND_707811.txt,ok,,0.832085,0.772656,0.901739,0.036456,0.878062,0.877861,5,5
3.delete,15_2026_NQ-HDND_709741.txt,ok,,0.818499,0.593954,0.946205,0.051435,0.879823,0.884825,127,124
3.delete,15_NQ-HDND_707829.txt,ok,,0.842459,0.674216,0.939628,0.057102,0.908203,0.906755,13,13
3.delete,16_2023_QH15_519324.txt,ok,,0.836319,0.659792,0.907287,0.026144,0.877687,0.874259,136,136
3.delete,16_2026_NQ-HDND_707769.txt,ok,,0.836274,0.670966,0.939584,0.052046,0.899849,0.892780,10,10
3.delete,16_2026_NQ-HDND_707810.txt,ok,,0.842446,0.719880,0.938851,0.051134,0.909918,0.903986,7,7
3.delete,17_2023_QH15_499239.txt,ok,,0.835169,0.585415,0.913375,0.029077,0.882848,0.878137,185,185
3.delete,17_2026_NQ-HDND_709410.txt,ok,,0.823711,0.700212,0.930455,0.048539,0.895781,0.891243,10,10
3.delete,18_2023_QH15_519325.txt,ok,,0.826062,0.537082,0.905730,0.046226,0.870532,0.870633,71,70
3.delete,18_2026_NQ-HDND_709411.txt,ok,,0.813430,0.646302,0.942031,0.067703,0.908087,0.902805,8,8
3.delete,18_NQ-HDND_707827.txt,ok,,0.821298,0.672056,0.906304,0.078935,0.898053,0.893770,3,3
3.delete,19_2023_QH15_m_500102.txt,ok,,0.841967,0.731003,0.918855,0.026831,0.884300,0.882894,114,113
3.delete,19_2026_NQ-HDND_709412.txt,ok,,0.791080,0.550135,0.932548,0.076930,0.890488,0.888465,30,30
3.delete,20_2023_QH15_m_513347.txt,ok,,0.834183,0.724259,0.903982,0.024665,0.874343,0.872071,63,63
3.delete,20_2026_NQ-HDND_709415.txt,ok,,0.825436,0.693847,0.915527,0.054767,0.894603,0.894678,8,7
3.delete,20_2026_NQ-HDND_709736.txt,ok,,0.767071,0.291166,0.933670,0.133490,0.832916,0.876592,47,46
3.delete,20_NQ-HDND_707825.txt,ok,,0.828460,0.717489,0.901098,0.051783,0.872073,0.880792,6,5
3.delete,21_2026_NQ-HDND_709413.txt,ok,,0.834819,0.612116,0.920706,0.051761,0.894472,0.879490,16,16
3.delete,21_2026_NQ-HDND_709737.txt,ok,,0.838386,0.636828,0.923691,0.035407,0.881463,0.876092,65,64
3.delete,21_NQ-HDND_707824.txt,ok,,0.771303,0.622974,0.911860,0.094947,0.860581,0.891887,5,4
3.delete,22_2026_NQ-HDND_709414.txt,ok,,0.836033,0.669546,0.917135,0.052750,0.889321,0.895169,15,14
3.delete,22_2026_NQ-HDND_709738.txt,ok,,0.828723,0.682786,0.923829,0.038966,0.878465,0.879306,33,34
3.delete,23_2023_QH15_m_563579.txt,ok,,0.820759,0.657523,0.887633,0.040078,0.864729,0.863347,19,19
3.delete,23_2026_NQ-HDND_709416.txt,ok,,0.825330,0.650528,0.945943,0.044372,0.884435,0.880213,22,22
3.delete,23_2026_NQ-HDND_709739.txt,ok,,0.813937,0.578805,0.965679,0.078323,0.896084,0.896654,13,13
3.delete,23_NQ-HDND_707612.txt,ok,,0.822889,0.672124,0.933845,0.062862,0.895082,0.889796,4,4
3.delete,23_NQ-HDND_707821.txt,ok,,0.819410,0.703006,0.886433,0.050063,0.870048,0.864646,4,4
3.delete,23_NQ-HDND_709740 (1).txt,ok,,0.822069,0.561478,0.915250,0.061291,0.888062,0.877492,10,10
3.delete,23_NQ-HDND_709740.txt,ok,,0.822069,0.561478,0.915250,0.061291,0.888062,0.877492,10,10
3.delete,24_2023_QH15_535782.txt,ok,,0.839414,0.615254,0.906278,0.028469,0.881280,0.876789,116,116
3.delete,24_2026_NQ-HDND_709417.txt,ok,,0.826697,0.666378,0.928250,0.058135,0.901056,0.902380,8,7
3.delete,24_2026_NQ-HDND_709733.txt,ok,,0.837759,0.654665,0.941354,0.032222,0.884233,0.882838,55,55
3.delete,24_NQ-HDND_707611.txt,ok,,0.847595,0.675410,0.914760,0.053565,0.896890,0.894636,7,7
3.delete,24_NQ-HDND_707820.txt,ok,,0.826252,0.691298,0.906756,0.055543,0.888528,0.876914,4,4
3.delete,25_2023_QH15_548477.txt,ok,,0.852258,0.724366,0.910627,0.022779,0.888173,0.884189,63,63
3.delete,25_2026_NQ-HDND_709430.txt,ok,,0.832780,0.720661,0.925641,0.055365,0.898595,0.900447,7,6
3.delete,25_2026_NQ-HDND_709752.txt,ok,,0.823420,0.635145,0.930869,0.045358,0.879563,0.874194,24,23
3.delete,26_2023_QH15_m_552422.txt,ok,,0.843017,0.624971,0.904776,0.037887,0.879694,0.883505,68,67
3.delete,26_2026_NQ-HDND_709418.txt,ok,,0.840596,0.679650,0.925027,0.051767,0.895842,0.895900,20,19
3.delete,26_2026_NQ-HDND_709750.txt,ok,,0.830318,0.669703,0.921043,0.033201,0.884715,0.878974,117,116
3.delete,26_NQ-HDND_709743.txt,ok,,0.830039,0.633692,0.924766,0.042297,0.879177,0.875514,27,27
3.delete,278_NQ-UBTVQH16_709850.txt,ok,,0.821986,0.701278,0.948465,0.049865,0.890335,0.880794,15,15
3.delete,279_NQ-UBTVQH16_709851.txt,ok,,0.830716,0.601767,0.927908,0.042775,0.869525,0.869352,39,38
3.delete,27_2023_QH15_528669.txt,ok,,0.833551,0.683000,0.939724,0.027634,0.885353,0.881590,378,366
3.delete,27_2026_NQ-HDND_709419.txt,ok,,0.812094,0.469451,0.924781,0.098412,0.871978,0.888640,13,12
3.delete,27_2026_NQ-HDND_709748.txt,ok,,0.851715,0.658440,0.932474,0.040793,0.902205,0.900598,31,31
3.delete,28_2023_QH15_583801.txt,ok,,0.857198,0.683562,0.919056,0.024974,0.895405,0.893382,170,169
3.delete,28_2026_NQ-CP_710007.txt,ok,,0.831839,0.722844,0.928190,0.047090,0.893127,0.897513,9,9
3.delete,28_2026_NQ-HDND_709420.txt,ok,,0.791129,0.407241,0.913079,0.119244,0.894394,0.856807,10,10
3.delete,28_2026_NQ-HDND_710200.txt,ok,,0.795643,0.442990,0.928522,0.065057,0.868940,0.863857,42,42
3.delete,29_2023_QH15_530116.txt,ok,,0.842887,0.687564,0.932494,0.026006,0.890190,0.883008,153,152
3.delete,29_2026_NQ-HDND_709421.txt,ok,,0.826412,0.734531,0.927016,0.046482,0.893346,0.894234,15,15
3.delete,30_2023_QH15_445699.txt,ok,,0.822533,0.327102,0.897980,0.081193,0.860669,0.865364,39,38
3.delete,30_2026_NQ-HDND_709429.txt,ok,,0.808661,0.690981,0.905196,0.049101,0.878171,0.875027,8,8
3.delete,31_2024_QH15_523642.txt,ok,,0.825888,0.581679,0.929077,0.029283,0.874002,0.872961,586,583
3.delete,31_2026_NQ-HDND_709428.txt,ok,,0.824518,0.621108,0.913636,0.067077,0.876696,0.889169,12,11
3.delete,32_2024_QH15_m_577203.txt,ok,,0.835338,0.573059,0.935919,0.028068,0.892203,0.877495,322,322
3.delete,32_2026_NQ-HDND_709422.txt,ok,,0.843319,0.736095,0.948281,0.048262,0.901852,0.901578,6,6
3.delete,33_2024_QH15_545181.txt,ok,,0.837453,0.609910,0.904888,0.029406,0.875513,0.870967,81,81
3.delete,33_2026_NQ-HDND_709423.txt,ok,,0.808053,0.655536,0.925678,0.062229,0.872881,0.887017,9,8
3.delete,34_2024_QH15_580434.txt,ok,,0.850740,0.674600,0.945334,0.030332,0.906354,0.889778,146,146
3.delete,34_NQ-HDND_709431.txt,ok,,0.827976,0.725036,0.925007,0.057543,0.902669,0.898223,4,4
3.delete,3579_QD-UBND_708038.txt,ok,,0.843664,0.640516,0.898012,0.042613,0.882752,0.879044,22,21
3.delete,35_2024_QH15_588811.txt,ok,,0.842408,0.706354,0.917541,0.024922,0.886163,0.878789,163,163
3.delete,35_NQ-HDND_707110.txt,ok,,0.874800,0.645074,0.961239,0.042275,0.926964,0.928568,117,99
3.delete,36_2024_QH15_444251.txt,ok,,0.822581,0.495953,0.937751,0.042479,0.890207,0.878677,182,182
3.delete,36_NQ-HDND_707610.txt,ok,,0.833511,0.626169,0.941387,0.051045,0.897832,0.895998,23,23
3.delete,37_2024_QH15_588810.txt,ok,,0.826024,0.502290,0.914812,0.043009,0.871870,0.872004,69,69
3.delete,38_2024_QH15_555033.txt,ok,,0.859606,0.681342,0.930487,0.021053,0.895012,0.888475,120,120
3.delete,38_2026_QD-UBND_708135.txt,ok,,0.806370,0.586112,0.905498,0.063469,0.868668,0.871239,18,17
3.delete,39_2024_QH15_575158.txt,ok,,0.843629,0.660030,0.919556,0.024204,0.890795,0.881543,172,172
3.delete,40_2024_QH15_564046.txt,ok,,0.821661,0.742006,0.887081,0.025684,0.864432,0.853109,17,17
3.delete,40_NQ-HDND_707111.txt,ok,,0.858774,0.629934,0.935382,0.037985,0.906495,0.903857,52,53
3.delete,41_2019_QH14_387991.txt,ok,,0.850098,0.618801,0.931617,0.029301,0.901075,0.893894,344,344
3.delete,41_2024_QH15_557190.txt,ok,,0.812474,0.586928,0.929247,0.032919,0.867678,0.862383,207,207
3.delete,42_NQ-HDND_707609.txt,ok,,0.826856,0.658321,0.916932,0.049136,0.883833,0.888355,11,10
3.delete,43_2019_QH14_367665.txt,ok,,0.839498,0.341401,0.905198,0.050097,0.875374,0.877603,112,111
3.delete,43_2024_QH15_612195.txt,ok,,0.739477,0.525350,0.880940,0.100494,0.807891,0.843695,5,4
3.delete,44_2024_QH15_583839.txt,ok,,0.821794,0.641662,0.887976,0.035699,0.860900,0.865514,71,70
3.delete,44_NQ-HDND_707608.txt,ok,,0.820708,0.707818,0.923681,0.074166,0.880389,0.911680,4,3
3.delete,45_2019_QH14_333670.txt,ok,,0.835851,0.481953,0.910194,0.033164,0.874716,0.878563,209,208
3.delete,45_2024_QH15_583769.txt,ok,,0.849437,0.694000,0.918393,0.024487,0.890767,0.887669,196,194
3.delete,45_NQ-HDND_707607.txt,ok,,0.800995,0.726150,0.910388,0.073805,0.850164,0.901354,3,2
3.delete,46_2019_QH14_398157.txt,ok,,0.850666,0.648062,0.912124,0.031734,0.885650,0.886279,57,56
3.delete,46_2024_QH15_524982.txt,ok,,0.832302,0.657499,0.910530,0.025359,0.875215,0.871002,117,117
3.delete,46_2026_QD-UBND_708335.txt,ok,,0.881110,0.842852,0.935774,0.032856,0.920698,0.920698,3,3
3.delete,46_NQ-HDND_707606.txt,ok,,0.858452,0.686995,0.921833,0.034031,0.897433,0.890823,44,44
3.delete,47_2019_QH14_411945.txt,ok,,0.816151,0.450534,0.902390,0.069806,0.873168,0.866721,28,28
3.delete,47_2024_QH15_583645.txt,ok,,0.846873,0.650089,0.909433,0.034178,0.890000,0.887065,121,120
3.delete,47_NQ-HDND_707603.txt,ok,,0.817935,0.489000,0.926866,0.051446,0.885595,0.878770,73,73
3.delete,48_2019_QH14_366794.txt,ok,,0.844124,0.692685,0.916134,0.027504,0.886181,0.879617,65,64
3.delete,48_2024_QH15_556390.txt,ok,,0.838168,0.647048,0.916909,0.036795,0.881935,0.879135,49,49
3.delete,49_2019_QH14_402073.txt,ok,,0.820941,0.680064,0.898656,0.028341,0.862021,0.860507,75,75
3.delete,49_2024_QH15_548487.txt,ok,,0.846904,0.489686,0.924165,0.048513,0.889427,0.891134,61,60
3.delete,50_2019_QH14_411944.txt,ok,,0.752734,0.504829,0.906705,0.120358,0.806205,0.862464,4,3
3.delete,50_2024_QH15_445264.txt,ok,,0.850667,0.432963,0.915167,0.055905,0.890859,0.881990,55,55
3.delete,51_2019_QH14_422706.txt,ok,,0.812627,0.604175,0.921649,0.042631,0.867966,0.856891,20,20
3.delete,51_2024_QH15_m_505750.txt,ok,,0.815108,0.623896,0.926331,0.038284,0.865892,0.865694,58,57
3.delete,52_2019_QH14_405729.txt,ok,,0.820012,0.695404,0.892900,0.034068,0.867074,0.859407,36,36
3.delete,52_2024_QH15_630032.txt,ok,,0.811384,0.666553,0.946479,0.046542,0.867528,0.871208,17,17
3.delete,53_2019_QH14_351558.txt,ok,,0.851350,0.698167,0.909367,0.024430,0.887187,0.878039,47,46
3.delete,53_2024_QH15_m_607439.txt,ok,,0.835860,0.686502,0.905687,0.025466,0.878279,0.871618,69,68
3.delete,54_2019_QH14_399763.txt,ok,,0.846901,0.459394,0.913864,0.029876,0.891303,0.880962,233,233
3.delete,54_2024_QH15_578531.txt,ok,,0.849614,0.610933,0.918060,0.026442,0.892629,0.887170,191,191
3.delete,54_KH-UBND_708180.txt,ok,,0.833944,0.698204,0.917040,0.035279,0.888760,0.881722,37,37
3.delete,55_2019_QH14_410870.txt,ok,,0.816823,0.692650,0.888125,0.036904,0.854936,0.861018,23,22
3.delete,55_2024_QH15_621347.txt,ok,,0.831204,0.555439,0.906156,0.035418,0.875029,0.875068,97,97
3.delete,56_2020_QH14_422707.txt,ok,,0.844792,0.648523,0.916459,0.037594,0.885581,0.879223,42,41
3.delete,56_2024_QH15_m_622318.txt,ok,,0.831523,0.615699,0.917015,0.042502,0.881560,0.881169,70,69
3.delete,57_2020_QH14_416260.txt,ok,,0.843987,0.645642,0.903014,0.033072,0.881016,0.876803,33,32
3.delete,57_2024_QH15_623631.txt,ok,,0.834921,0.630690,0.920594,0.033550,0.880082,0.878281,92,92
3.delete,58_2020_QH14_395767.txt,ok,,0.839397,0.666473,0.907464,0.027853,0.875818,0.875448,58,57
3.delete,58_2024_QH15_m_621645.txt,ok,,0.845932,0.522370,0.908887,0.032773,0.883289,0.881722,161,161
3.delete,58_2026_NQ-HDND_709771.txt,ok,,0.846462,0.767915,0.951829,0.040945,0.903570,0.893341,5,5
3.delete,59_2020_QH14_427301.txt,ok,,0.829881,0.618615,0.912743,0.027738,0.879334,0.873966,356,355
3.delete,59_2024_QH15_606865.txt,ok,,0.821482,0.530436,0.910281,0.035576,0.878237,0.870132,258,258
3.delete,60_2020_QH14_373522.txt,ok,,0.836975,0.679040,0.908824,0.041378,0.877962,0.878475,29,28
3.delete,60_2024_QH15_m_621343.txt,ok,,0.836087,0.703886,0.898853,0.028300,0.875381,0.868366,53,52
3.delete,60_2026_NQ-HDND_709424.txt,ok,,0.837294,0.679815,0.943071,0.058545,0.897345,0.896582,7,7
3.delete,61_2020_QH14_321051.txt,ok,,0.795139,0.528287,0.983353,0.070011,0.877390,0.880108,167,167
3.delete,61_2024_QH15_613892.txt,ok,,0.836827,0.649469,0.908123,0.026659,0.884035,0.875835,182,181
3.delete,62_2020_QH14_418229.txt,ok,,0.848534,0.654948,0.921220,0.028271,0.896798,0.883839,94,93
3.delete,62_2025_QH15_643744.txt,ok,,0.796645,0.539515,0.904069,0.056522,0.843116,0.843914,19,18
3.delete,63_2020_QH14_402074.txt,ok,,0.829630,0.701099,0.909341,0.027358,0.872151,0.866197,74,73
3.delete,63_2025_QH15_639242.txt,ok,,0.833394,0.647631,0.908092,0.031655,0.873625,0.866066,46,46
3.delete,63_2026_QD-UBND_709654.txt,ok,,0.860067,0.636232,0.913142,0.040013,0.896765,0.892549,30,30
3.delete,64_2020_QH14_374160.txt,ok,,0.838148,0.672844,0.899272,0.024402,0.878583,0.872180,136,136
3.delete,64_2025_QH15_639239.txt,ok,,0.839813,0.730342,0.915487,0.025668,0.881853,0.881573,115,114
3.delete,65_2020_QH14_422708.txt,ok,,0.809184,0.624837,0.882098,0.053502,0.857188,0.852783,12,12
3.delete,65_2025_QH15_639241.txt,ok,,0.829113,0.590623,0.915532,0.035656,0.877275,0.875012,119,118
3.delete,66_2020_QH14_439845.txt,ok,,0.848416,0.740308,0.910129,0.025196,0.885646,0.884923,44,44
3.delete,66_2025_QH15_621225.txt,ok,,0.784446,0.384911,0.923092,0.088370,0.872198,0.868385,23,22
3.delete,67_2020_QH14_m_373520.txt,ok,,0.810029,0.594993,0.905775,0.038422,0.863758,0.863188,115,114
3.delete,67_2025_QH15_580594.txt,ok,,0.836712,0.723732,0.915826,0.026763,0.876414,0.876592,52,52
3.delete,68_2020_QH14_435315.txt,ok,,0.831021,0.668080,0.921674,0.033640,0.877315,0.878434,57,56
3.delete,68_2025_QH15_578018.txt,ok,,0.834544,0.630336,0.891023,0.028765,0.867943,0.869604,77,77
3.delete,69_2020_QH14_439844.txt,ok,,0.839370,0.684276,0.911539,0.027872,0.885854,0.876399,100,98
3.delete,69_2025_QH15_603983.txt,ok,,0.840571,0.508963,0.921103,0.040753,0.881958,0.880765,74,74
3.delete,70_2020_QH14_376557.txt,ok,,0.840183,0.728085,0.915066,0.025856,0.886131,0.874229,57,56
3.delete,70_2025_QH15_580121.txt,ok,,0.843620,0.698389,0.902744,0.028338,0.881483,0.877143,56,56
3.delete,70_2026_NQ-HDND_709515.txt,ok,,0.842867,0.659934,0.960171,0.057951,0.903051,0.898064,11,11
3.delete,71_2020_QH14_366792.txt,ok,,0.819365,0.664909,0.889969,0.038582,0.860266,0.866033,17,17
3.delete,71_2025_QH15_621341.txt,ok,,0.840993,0.549563,0.906984,0.038874,0.879757,0.880148,68,68
3.delete,72_2020_QH14_431147.txt,ok,,0.845073,0.563245,0.912151,0.025508,0.887161,0.884021,333,333
3.delete,72_2025_QH15_649675.txt,ok,,0.835103,0.585491,0.911365,0.033487,0.883547,0.879094,141,141
3.delete,73_2021_QH14_445185.txt,ok,,0.836895,0.715274,0.905322,0.027263,0.875104,0.874340,63,63
3.delete,73_2025_QH15_621345.txt,ok,,0.851643,0.720877,0.905474,0.022620,0.883308,0.881807,43,43
3.delete,74_2025_QH15_m_530912.txt,ok,,0.833759,0.723013,0.904869,0.026579,0.873893,0.868767,63,62
3.delete,75_2025_QH15_555035.txt,ok,,0.832759,0.613231,0.903740,0.046494,0.874685,0.878295,31,30
3.delete,76_2025_QH15_659899.txt,ok,,0.839304,0.678683,0.921665,0.046838,0.889647,0.884751,17,16
3.delete,77_2025_QH15_643029.txt,ok,,0.818814,0.533483,0.890268,0.067792,0.861440,0.876127,19,18
3.delete,78_2025_QH15_m_623226.txt,ok,,0.841565,0.638085,0.910979,0.033632,0.885112,0.877448,72,72
3.delete,79_2025_QH15_660522.txt,ok,,0.808615,0.464483,0.883576,0.067944,0.849837,0.855331,26,25
3.delete,80_2025_QH15_649688.txt,ok,,0.837387,0.760363,0.910040,0.021680,0.874474,0.869835,46,46
3.delete,81_2025_QH15_660533.txt,ok,,0.857809,0.701766,0.934513,0.029169,0.903067,0.893526,61,61
3.delete,82_2025_QH15_660530.txt,ok,,0.815993,0.644029,0.890410,0.042456,0.855863,0.864237,25,24
3.delete,83_2025_QH15_663780.txt,ok,,0.789380,0.437364,0.879262,0.072317,0.845186,0.837926,30,29
3.delete,84_2025_QH15_655378.txt,ok,,0.845071,0.585966,0.925339,0.041581,0.896945,0.883818,92,92
3.delete,85_2025_QH15_651570.txt,ok,,0.834638,0.611291,0.929207,0.045801,0.894469,0.889761,52,51
3.delete,86_2025_QH15_662377.txt,ok,,0.786513,0.524288,0.901643,0.052304,0.859018,0.861183,118,117
3.delete,87_2025_QH15_662673.txt,ok,,0.840453,0.695909,0.910085,0.034906,0.884644,0.880784,31,31
3.delete,88_2025_QH15_m_659898.txt,ok,,0.815378,0.594983,0.920663,0.047387,0.868722,0.865638,48,47
3.delete,89_2025_QH15_650061.txt,ok,,0.859748,0.287443,0.927651,0.051802,0.900083,0.894618,139,138
3.delete,8_2026_QH16_704810.txt,ok,,0.818667,0.695087,0.890179,0.035338,0.864123,0.862250,17,17
3.delete,90_2025_QH15_m_662379.txt,ok,,0.830619,0.475662,0.905192,0.042314,0.877645,0.879085,160,160
3.delete,91_2025_QH15_m_625628.txt,ok,,0.849407,0.764959,0.907534,0.022728,0.889931,0.878897,61,60
3.delete,92_2025_QH15_659897.txt,ok,,0.854053,0.775325,0.924587,0.023293,0.886974,0.883382,28,28
3.delete,93_2025_QH15_m_581164.txt,ok,,0.846751,0.632952,0.915655,0.028850,0.890760,0.886030,146,146
3.delete,94_2025_QH15_643689.txt,ok,,0.853253,0.671469,0.923582,0.026352,0.890343,0.887708,127,126
3.delete,95_2025_QH15_622480.txt,ok,,0.834494,0.696157,0.922682,0.030459,0.886486,0.874282,84,84
3.delete,96_2025_QH15_648594.txt,ok,,0.836127,0.732480,0.900826,0.035507,0.877905,0.867648,12,12
3.delete,97_2025_QH15_663709.txt,ok,,0.806687,0.659641,0.894551,0.044985,0.858357,0.864879,15,15
3.delete,98_2025_QH15_662116.txt,ok,,0.846201,0.670230,0.914248,0.032243,0.887063,0.889369,64,63
3.delete,99_2025_QH15_662829.txt,ok,,0.817139,0.526648,0.926299,0.050515,0.878995,0.873012,65,64
4.modify,01_2021_QH15_486447.txt,ok,,0.838892,0.705196,0.913316,0.033020,0.887017,0.890274,18,18
4.modify,01_2026_NQ-HDND_707600.txt,ok,,0.835096,0.690792,0.902112,0.027874,0.876217,0.874547,61,61
4.modify,01_2026_NQ-HDND_707836.txt,ok,,0.773476,0.606884,0.900587,0.097981,0.870442,0.872969,4,4
4.modify,01_2026_QH16_704788.txt,ok,,0.838621,0.737973,0.923329,0.027919,0.888058,0.877822,39,39
4.modify,02_2021_QH15_489113.txt,ok,,0.659895,0.303905,0.859150,0.197158,0.780950,0.797095,5,5
4.modify,02_2026_NQ-HDND_707102.txt,ok,,0.842752,0.669976,0.920749,0.050258,0.900119,0.895328,17,17
4.modify,02_2026_NQ-HDND_707534.txt,ok,,0.839326,0.702921,0.921596,0.027768,0.886753,0.877087,70,70
4.modify,02_2026_NQ-HDND_707835.txt,ok,,0.818896,0.653497,0.901155,0.049126,0.876134,0.872761,13,13
4.modify,02_2026_NQ-HDND_708053.txt,ok,,0.835437,0.692382,0.909688,0.049605,0.893554,0.889175,8,8
4.modify,02_2026_QH16_696077.txt,ok,,0.842847,0.725717,0.907889,0.024725,0.883195,0.881337,104,104
4.modify,02_2026_UBTVQH16_708292.txt,ok,,0.794793,0.667617,0.910956,0.077601,0.879537,0.880633,4,4
4.modify,03_2022_QH15_m_486653.txt,ok,,0.815214,0.516377,0.914062,0.063214,0.879477,0.873559,29,29
4.modify,03_2026_NQ-HDND_707107.txt,ok,,0.823551,0.717936,0.918147,0.040439,0.880743,0.876377,8,8
4.modify,03_2026_NQ-HDND_707251.txt,ok,,0.830258,0.679312,0.938898,0.053012,0.888692,0.888894,12,12
4.modify,03_2026_NQ-HDND_707834.txt,ok,,0.822682,0.656407,0.914252,0.073190,0.893271,0.892906,7,7
4.modify,03_2026_NQ-HDND_709377.txt,ok,,0.841323,0.745353,0.894307,0.037147,0.883120,0.883583,8,8
4.modify,03_2026_QH16_694806.txt,ok,,0.837273,0.728909,0.897686,0.026769,0.877559,0.871177,36,36
4.modify,04_2022_QH15_477977.txt,ok,,0.826087,0.653794,0.891115,0.032674,0.860293,0.862986,30,30
4.modify,04_2026_NQ-HDND_707101.txt,ok,,0.812095,0.646307,0.996031,0.096300,0.939914,0.939951,16,16
4.modify,04_2026_NQ-HDND_707533.txt,ok,,0.832320,0.749874,0.926803,0.050265,0.906586,0.906586,6,6
4.modify,04_2026_NQ-HDND_707833.txt,ok,,0.836671,0.578231,0.920655,0.067871,0.884113,0.891715,17,16
4.modify,04_2026_NQ-HDND_707870.txt,ok,,0.800067,0.535838,0.936381,0.075272,0.888483,0.893734,12,12
4.modify,04_2026_QH16_681012.txt,ok,,0.815093,0.667891,0.882551,0.036056,0.846472,0.859034,23,23
4.modify,05_2022_QH15_486445.txt,ok,,0.832531,0.728090,0.899679,0.026293,0.874469,0.871091,59,59
4.modify,05_2026_NQ-HDND_707049.txt,ok,,0.822969,0.638044,0.921332,0.059853,0.887110,0.887178,9,9
4.modify,05_2026_NQ-HDND_707532.txt,ok,,0.839039,0.707652,0.910157,0.029689,0.881271,0.880632,25,25
4.modify,05_2026_NQ-HDND_707602.txt,ok,,0.849948,0.748953,0.916071,0.032469,0.893928,0.893638,13,13
4.modify,05_2026_NQ-HDND_707832.txt,ok,,0.810905,0.622370,0.895482,0.060102,0.874619,0.872329,11,11
4.modify,05_2026_QH16_704792.txt,ok,,0.827180,0.646712,0.889262,0.039589,0.864796,0.866051,23,23
4.modify,06_2022_QH15_418232.txt,ok,,0.817323,0.586256,0.912676,0.037462,0.879462,0.879697,135,135
4.modify,06_2026_NQ-HDND_707048.txt,ok,,0.846269,0.776164,0.926647,0.045147,0.905619,0.905619,5,5
4.modify,06_2026_NQ-HDND_707604.txt,ok,,0.850976,0.740068,0.921010,0.063089,0.913847,0.913847,3,3
4.modify,06_2026_QH16_704653.txt,ok,,0.819336,0.628681,0.909207,0.049386,0.869536,0.878729,37,36
4.modify,07_2022_QH15_458435.txt,ok,,0.825850,0.603114,0.896053,0.029903,0.869467,0.867608,167,167
4.modify,07_2026_NQ-HDND_707047.txt,ok,,0.835264,0.650198,0.919686,0.069123,0.904860,0.903838,11,11
4.modify,07_2026_NQ-HDND_707601.txt,ok,,0.754481,0.363492,0.916522,0.141768,0.812456,0.866463,13,13
4.modify,07_2026_QH16_704791.txt,ok,,0.836932,0.601067,0.906111,0.032069,0.879436,0.870644,72,72
4.modify,08_2022_QH15_m_465916.txt,ok,,0.830116,0.638477,0.909719,0.028215,0.881196,0.868878,212,211
4.modify,08_2026_NQ-HDND_707605.txt,ok,,0.819717,0.728411,0.889981,0.056726,0.883576,0.884520,4,4
4.modify,08_2026_NQ-HDND_710089.txt,ok,,0.812354,0.698563,0.906493,0.052352,0.873833,0.877598,5,5
4.modify,09_2022_QH15_m_513345.txt,ok,,0.816297,0.594694,0.879900,0.049401,0.857543,0.862063,33,33
4.modify,09_2026_NQ-HDND_707045.txt,ok,,0.823069,0.725528,0.905567,0.046524,0.876586,0.873933,4,4
4.modify,09_2026_NQ-HDND_707103.txt,ok,,0.820904,0.695480,0.922371,0.061797,0.894266,0.893751,5,5
4.modify,09_2026_QH16_703956.txt,ok,,0.751917,0.513905,0.879603,0.111192,0.822682,0.866793,5,4
4.modify,100_2025_QH15_688908.txt,ok,,0.834949,0.737877,0.895635,0.024035,0.866063,0.873218,53,53
4.modify,101_2025_QH15_686537.txt,ok,,0.839538,0.689735,0.904049,0.026054,0.874004,0.878296,64,64
4.modify,102_2025_QH15_624015.txt,ok,,0.841549,0.741578,0.906741,0.026871,0.875541,0.879416,33,33
4.modify,103_2025_QH15_686538.txt,ok,,0.828754,0.646773,0.897601,0.033817,0.867620,0.866652,49,49
4.modify,104_2025_QH15_633465.txt,ok,,0.826970,0.756785,0.893059,0.019851,0.859757,0.857689,36,36
4.modify,105_2025_QH15_667661.txt,ok,,0.846244,0.455296,0.915723,0.049107,0.888099,0.881312,76,76
4.modify,106_2025_QH15_628717.txt,ok,,0.846537,0.627056,0.928860,0.029681,0.892434,0.890689,246,246
4.modify,107_2025_QH15_346850.txt,ok,,0.830450,0.705501,0.917399,0.037346,0.881817,0.883143,31,31
4.modify,108_2025_QH15_675268.txt,ok,,0.834732,0.658494,0.902383,0.027995,0.876297,0.874504,165,165
4.modify,109_2025_QH15_665870.txt,ok,,0.834889,0.688802,0.901968,0.028456,0.871635,0.873395,33,33
4.modify,10_2022_QH15_546085.txt,ok,,0.838324,0.636537,0.925441,0.029464,0.889398,0.877135,147,145
4.modify,10_2026_NQ-HDND_707046.txt,ok,,0.835059,0.701994,0.957082,0.053491,0.901608,0.903471,7,7
4.modify,10_2026_NQ-HDND_707105.txt,ok,,0.824164,0.721906,0.897740,0.055932,0.890200,0.888159,4,4
4.modify,110_2025_QH15_581160.txt,ok,,0.837101,0.681343,0.910499,0.030353,0.880576,0.874348,51,51
4.modify,111_2025_QH15_667663.txt,ok,,0.818219,0.732161,0.892762,0.026881,0.858177,0.855852,43,43
4.modify,112_2025_QH15_586814.txt,ok,,0.834350,0.489038,0.917857,0.038997,0.883098,0.877095,122,122
4.modify,113_2025_QH15_443680.txt,ok,,0.813340,0.449789,0.911070,0.075425,0.879448,0.876744,33,33
4.modify,114_2025_QH15_658530.txt,ok,,0.816742,0.510490,0.896398,0.047075,0.864396,0.867726,62,61
4.modify,115_2025_QH15_675264.txt,ok,,0.829911,0.686976,0.898451,0.036920,0.873975,0.873620,27,27
4.modify,116_2025_QH15_666020.txt,ok,,0.829575,0.546696,0.913655,0.051654,0.886115,0.877490,96,96
4.modify,117_2025_QH15_685866.txt,ok,,0.837721,0.742754,0.905466,0.023861,0.877052,0.874982,52,52
4.modify,118_2025_QH15_682798.txt,ok,,0.809663,0.555032,0.897959,0.044979,0.865804,0.870501,76,75
4.modify,119_2025_QH15_685933.txt,ok,,0.844991,0.679006,0.914193,0.052273,0.889947,0.884338,17,17
4.modify,11_2022_QH15_544688.txt,ok,,0.850336,0.713754,0.907255,0.022015,0.886844,0.882853,134,134
4.modify,11_2026_NQ-HDND_707106.txt,ok,,0.788392,0.658502,0.936657,0.083890,0.898633,0.901412,7,7
4.modify,11_2026_NQ-HDND_707159.txt,ok,,0.843517,0.614801,0.914089,0.039102,0.888909,0.887095,28,28
4.modify,11_2026_NQ-HDND_709745.txt,ok,,0.789848,0.591182,0.897114,0.075808,0.868432,0.871982,8,8
4.modify,120_2025_QH15_666019.txt,ok,,0.829054,0.494895,0.909850,0.042080,0.873802,0.871696,88,87
4.modify,121_2025_QH15_689140.txt,ok,,0.835392,0.684071,0.906336,0.026179,0.874799,0.868421,83,83
4.modify,122_2025_QH15_662035.txt,ok,,0.836553,0.738740,0.897587,0.023207,0.873484,0.865517,64,64
4.modify,123_2025_QH15_656970.txt,ok,,0.826713,0.586187,0.900247,0.042804,0.868403,0.871421,42,42
4.modify,124_2025_QH15_687560.txt,ok,,0.847969,0.651384,0.913361,0.028808,0.887484,0.880952,62,62
4.modify,125_2025_QH15_663779.txt,ok,,0.847842,0.717497,0.906876,0.023578,0.882192,0.877008,66,66
4.modify,126_2025_QH15_581548.txt,ok,,0.852901,0.745665,0.933930,0.024746,0.892601,0.893040,64,64
4.modify,127_2025_QH15_686325.txt,ok,,0.845741,0.677929,0.924562,0.028294,0.894036,0.888964,362,362
4.modify,128_2025_QH15_679014.txt,ok,,0.801962,0.598898,0.898293,0.032390,0.857889,0.848880,110,110
4.modify,129_2025_QH15_675261.txt,ok,,0.828762,0.482292,0.895018,0.051176,0.866639,0.870949,46,45
4.modify,12_2022_QH15_505749.txt,ok,,0.840808,0.705172,0.909210,0.024247,0.879944,0.876427,111,111
4.modify,12_2026_NQ-HDND_707158.txt,ok,,0.835165,0.757131,0.941799,0.047747,0.892494,0.897581,4,4
4.modify,12_2026_NQ-HDND_709406.txt,ok,,0.787533,0.468408,0.898805,0.119488,0.866276,0.859979,11,11
4.modify,12_2026_NQ-HDND_709746.txt,ok,,0.825861,0.685944,0.923894,0.040676,0.878737,0.874173,17,17
4.modify,12_NQ-HDND_707831.txt,ok,,0.830160,0.617572,0.911629,0.048973,0.881338,0.885049,26,25
4.modify,12_NQ-HDND_708054.txt,ok,,0.837127,0.406917,0.922721,0.050943,0.886335,0.884658,97,96
4.modify,130_2025_QH15_687674.txt,ok,,0.834191,0.542824,0.951058,0.038222,0.885959,0.882929,140,140
4.modify,131_2025_QH15_675267.txt,ok,,0.820720,0.289630,0.901211,0.074147,0.863381,0.869401,61,60
4.modify,132_2025_QH15_685733.txt,ok,,0.829510,0.678965,0.905441,0.040772,0.870090,0.873168,18,18
4.modify,133_2025_QH15_675211.txt,ok,,0.844700,0.627262,0.901800,0.032577,0.883622,0.881669,72,72
4.modify,134_2025_QH15_679013.txt,ok,,0.839526,0.700901,0.898829,0.025689,0.873844,0.871277,55,55
4.modify,135_2025_QH15_675213.txt,ok,,0.843602,0.543182,0.923171,0.033984,0.891774,0.885440,149,149
4.modify,135_NQ-CP_706738.txt,ok,,0.838245,0.673055,0.915371,0.043875,0.892249,0.885987,12,12
4.modify,136_2025_QH15__686937.txt,ok,,0.808925,0.624441,0.911852,0.048872,0.869303,0.861114,27,27
4.modify,137_2025_QH15_686549.txt,ok,,0.821835,0.726872,0.877958,0.029533,0.849416,0.857935,23,23
4.modify,138_2025_QH15_686527.txt,ok,,0.818040,0.543007,0.919153,0.076801,0.876257,0.873939,20,20
4.modify,139_2025_QH15_684512.txt,ok,,0.806454,0.593507,0.889308,0.062890,0.856923,0.857349,19,19
4.modify,13_2022_QH15_490095.txt,ok,,0.835557,0.532680,0.896079,0.040892,0.871708,0.874341,63,62
4.modify,13_2026_NQ-HDND_707807.txt,ok,,0.804234,0.655609,0.918182,0.082410,0.899480,0.892074,5,5
4.modify,13_2026_NQ-HDND_709407.txt,ok,,0.828683,0.718183,0.937218,0.044630,0.886598,0.883262,7,7
4.modify,13_2026_NQ-HDND_709751.txt,ok,,0.822216,0.670619,0.927052,0.036856,0.874935,0.874687,26,26
4.modify,140_2025_QH15_675263.txt,ok,,0.809451,0.610593,0.895315,0.060148,0.861139,0.861119,13,13
4.modify,140_NQ-CP_707328.txt,ok,,0.820756,0.644925,0.916743,0.059794,0.886094,0.887499,7,7
4.modify,141_2025_QH15_686550.txt,ok,,0.844203,0.708047,0.904122,0.032710,0.879393,0.883141,25,25
4.modify,141_NQ-CP_708014.txt,ok,,0.803974,0.707098,0.915402,0.051200,0.878243,0.878243,5,5
4.modify,142_2025_QH15_675210.txt,ok,,0.838801,0.608276,0.909957,0.025639,0.880503,0.875306,153,153
4.modify,143_2025_QH15_681550.txt,ok,,0.790900,0.471671,0.993055,0.073009,0.884662,0.882539,136,135
4.modify,143_NQ-CP_709397.txt,ok,,0.844852,0.779308,0.939543,0.050327,0.907212,0.907212,3,3
4.modify,144_2025_QH15_675260.txt,ok,,0.832982,0.614721,0.905155,0.045774,0.883154,0.880284,41,41
4.modify,145_2025_QH15_684669.txt,ok,,0.840784,0.747758,0.895395,0.020864,0.872115,0.869938,39,39
4.modify,146_2025_QH15_675259.txt,ok,,0.803501,0.437976,0.908403,0.067318,0.867986,0.879073,211,210
4.modify,147_2025_QH15_675265.txt,ok,,0.821724,0.493975,0.906870,0.057944,0.871538,0.871119,44,44
4.modify,148_2025_QH15_m_675262.txt,ok,,0.838057,0.746749,0.898942,0.021532,0.871660,0.870347,63,63
4.modify,148_NQ-CP_710006.txt,ok,,0.835751,0.539495,0.992948,0.050887,0.893898,0.888837,126,126
4.modify,149_2025_QH15_679698.txt,ok,,0.793350,0.719176,0.876298,0.049165,0.847851,0.843084,3,3
4.modify,14_2022_QH15_519327.txt,ok,,0.841144,0.624357,0.903399,0.029804,0.881461,0.877870,79,79
4.modify,14_2026_NQ-HDND_707808.txt,ok,,0.844919,0.685191,0.920128,0.043956,0.894216,0.894727,18,18
4.modify,14_2026_NQ-HDND_709408.txt,ok,,0.789114,0.600939,0.911110,0.085049,0.878394,0.877259,9,9
4.modify,14_2026_NQ-HDND_710206.txt,ok,,0.805420,0.548792,0.915500,0.058391,0.875784,0.875629,38,38
4.modify,14_NQ-HDND_707830.txt,ok,,0.778013,0.609849,0.943805,0.076251,0.874950,0.874236,7,7
4.modify,150_2025_QH15_685773.txt,ok,,0.836647,0.759917,0.914344,0.023376,0.883364,0.872151,41,41
4.modify,15_2023_QH15_372143.txt,ok,,0.825070,0.609550,0.901175,0.031672,0.871960,0.866952,165,164
4.modify,15_2026_NQ-HDND_707809.txt,ok,,0.832348,0.723085,0.918649,0.040964,0.880397,0.881851,11,11
4.modify,15_2026_NQ-HDND_707811.txt,ok,,0.831228,0.775600,0.933801,0.038003,0.883769,0.878140,5,5
4.modify,15_2026_NQ-HDND_709741.txt,ok,,0.818333,0.590523,0.944589,0.051989,0.884542,0.886019,127,124
4.modify,15_NQ-HDND_707829.txt,ok,,0.838648,0.634717,0.945375,0.059971,0.910994,0.908151,13,13
4.modify,16_2023_QH15_519324.txt,ok,,0.833264,0.662524,0.909268,0.026960,0.876584,0.872513,136,136
4.modify,16_2026_NQ-HDND_707769.txt,ok,,0.830604,0.648185,0.934242,0.053006,0.892016,0.886789,10,10
4.modify,16_2026_NQ-HDND_707810.txt,ok,,0.841562,0.720523,0.912839,0.049798,0.902735,0.897044,7,7
4.modify,17_2023_QH15_499239.txt,ok,,0.831422,0.651885,0.909717,0.029364,0.879457,0.876805,185,185
4.modify,17_2026_NQ-HDND_709410.txt,ok,,0.825603,0.719509,0.937285,0.049027,0.900605,0.891463,10,10
4.modify,18_2023_QH15_519325.txt,ok,,0.819504,0.300668,0.910042,0.063765,0.870156,0.867361,71,71
4.modify,18_2026_NQ-HDND_709411.txt,ok,,0.823569,0.677768,0.939266,0.058944,0.907854,0.905717,8,8
4.modify,18_NQ-HDND_707827.txt,ok,,0.812755,0.636142,0.901528,0.086256,0.894545,0.887021,3,3
4.modify,19_2023_QH15_m_500102.txt,ok,,0.837687,0.627571,0.912197,0.029576,0.878886,0.881176,114,114
4.modify,19_2026_NQ-HDND_709412.txt,ok,,0.791137,0.538487,0.933100,0.077289,0.887190,0.886571,30,30
4.modify,20_2023_QH15_m_513347.txt,ok,,0.832497,0.711848,0.908346,0.025479,0.873301,0.871417,63,63
4.modify,20_2026_NQ-HDND_709415.txt,ok,,0.818052,0.641410,0.915934,0.058419,0.887063,0.890635,8,8
4.modify,20_2026_NQ-HDND_709736.txt,ok,,0.765694,0.274340,0.908776,0.134703,0.823773,0.875657,47,46
4.modify,20_NQ-HDND_707825.txt,ok,,0.820793,0.701759,0.894984,0.052344,0.876378,0.870569,6,6
4.modify,21_2026_NQ-HDND_709413.txt,ok,,0.844043,0.714533,0.934425,0.039303,0.894175,0.890590,16,16
4.modify,21_2026_NQ-HDND_709737.txt,ok,,0.827234,0.330732,0.907104,0.068819,0.878965,0.865752,65,65
4.modify,21_NQ-HDND_707824.txt,ok,,0.752392,0.600820,0.913819,0.093785,0.861570,0.863694,5,5
4.modify,22_2026_NQ-HDND_709414.txt,ok,,0.829934,0.668020,0.916505,0.055712,0.887705,0.888462,15,15
4.modify,22_2026_NQ-HDND_709738.txt,ok,,0.823179,0.683385,0.900729,0.038503,0.870943,0.876029,33,34
4.modify,23_2023_QH15_m_563579.txt,ok,,0.817332,0.618996,0.885064,0.042006,0.863330,0.862300,19,19
4.modify,23_2026_NQ-HDND_709416.txt,ok,,0.820459,0.627157,0.922478,0.044946,0.883372,0.875420,22,22
4.modify,23_2026_NQ-HDND_709739.txt,ok,,0.816234,0.571855,0.940729,0.079532,0.893528,0.894812,13,13
4.modify,23_NQ-HDND_707612.txt,ok,,0.824231,0.686575,0.917732,0.059406,0.889890,0.889232,4,4
4.modify,23_NQ-HDND_707821.txt,ok,,0.818367,0.698661,0.890525,0.053088,0.873175,0.862306,4,4
4.modify,23_NQ-HDND_709740 (1).txt,ok,,0.836850,0.736781,0.911238,0.037256,0.884674,0.886734,10,10
4.modify,23_NQ-HDND_709740.txt,ok,,0.836850,0.736781,0.911238,0.037256,0.884674,0.886734,10,10
4.modify,24_2023_QH15_535782.txt,ok,,0.835573,0.611732,0.911415,0.029493,0.877849,0.875031,116,116
4.modify,24_2026_NQ-HDND_709417.txt,ok,,0.818706,0.672251,0.925510,0.056445,0.894097,0.896443,8,8
4.modify,24_2026_NQ-HDND_709733.txt,ok,,0.838532,0.668297,0.923673,0.033189,0.888728,0.883279,55,55
4.modify,24_NQ-HDND_707611.txt,ok,,0.846293,0.679658,0.914564,0.052824,0.891122,0.892123,7,7
4.modify,24_NQ-HDND_707820.txt,ok,,0.824121,0.695304,0.908660,0.053432,0.883972,0.873577,4,4
4.modify,25_2023_QH15_548477.txt,ok,,0.847983,0.711181,0.912911,0.023562,0.885546,0.882686,63,63
4.modify,25_2026_NQ-HDND_709430.txt,ok,,0.829980,0.721634,0.928651,0.054376,0.900204,0.902176,7,7
4.modify,25_2026_NQ-HDND_709752.txt,ok,,0.818026,0.642860,0.947981,0.045414,0.874660,0.870621,24,24
4.modify,26_2023_QH15_m_552422.txt,ok,,0.836787,0.553859,0.909953,0.044500,0.877864,0.881266,68,68
4.modify,26_2026_NQ-HDND_709418.txt,ok,,0.837768,0.696761,0.924730,0.051254,0.893531,0.894918,20,20
4.modify,26_2026_NQ-HDND_709750.txt,ok,,0.826247,0.598127,0.954242,0.034576,0.879275,0.877128,117,117
4.modify,26_NQ-HDND_709743.txt,ok,,0.827688,0.615179,0.913690,0.041682,0.872465,0.872814,27,27
4.modify,278_NQ-UBTVQH16_709850.txt,ok,,0.815631,0.683454,0.967466,0.051897,0.884711,0.877635,15,15
4.modify,279_NQ-UBTVQH16_709851.txt,ok,,0.821506,0.607355,0.912919,0.050313,0.868420,0.867963,39,39
4.modify,27_2023_QH15_528669.txt,ok,,0.828478,0.681751,0.924522,0.028668,0.880981,0.879001,378,366
4.modify,27_2026_NQ-HDND_709419.txt,ok,,0.790503,0.469101,0.911013,0.114370,0.867576,0.867724,13,13
4.modify,27_2026_NQ-HDND_709748.txt,ok,,0.851991,0.688701,0.931520,0.040346,0.902915,0.902070,31,31
4.modify,28_2023_QH15_583801.txt,ok,,0.852751,0.626782,0.920139,0.029053,0.894141,0.891801,170,170
4.modify,28_2026_NQ-CP_710007.txt,ok,,0.833126,0.719013,0.925269,0.043518,0.892238,0.898147,9,9
4.modify,28_2026_NQ-HDND_709420.txt,ok,,0.822922,0.646657,0.909091,0.056483,0.888667,0.888519,10,10
4.modify,28_2026_NQ-HDND_710200.txt,ok,,0.797838,0.586947,0.931624,0.049570,0.868137,0.866898,42,42
4.modify,29_2023_QH15_530116.txt,ok,,0.840551,0.704705,0.929429,0.027078,0.894264,0.881926,153,152
4.modify,29_2026_NQ-HDND_709421.txt,ok,,0.823201,0.700736,0.923206,0.047497,0.893255,0.895182,15,15
4.modify,30_2023_QH15_445699.txt,ok,,0.822258,0.338661,0.897985,0.080519,0.860126,0.866799,39,38
4.modify,30_2026_NQ-HDND_709429.txt,ok,,0.811960,0.688723,0.935249,0.049310,0.882005,0.877551,8,8
4.modify,31_2024_QH15_523642.txt,ok,,0.822940,0.610684,0.926344,0.030333,0.872599,0.870995,586,583
4.modify,31_2026_NQ-HDND_709428.txt,ok,,0.814042,0.627532,0.912943,0.071456,0.881922,0.882601,12,12
4.modify,32_2024_QH15_m_577203.txt,ok,,0.832187,0.557309,0.936371,0.028969,0.887357,0.876048,322,322
4.modify,32_2026_NQ-HDND_709422.txt,ok,,0.836641,0.729412,0.936954,0.048942,0.903054,0.895572,6,6
4.modify,33_2024_QH15_545181.txt,ok,,0.836092,0.619054,0.906218,0.028269,0.875672,0.870296,81,81
4.modify,33_2026_NQ-HDND_709423.txt,ok,,0.801841,0.645987,0.925678,0.062274,0.875165,0.876730,9,9
4.modify,34_2024_QH15_580434.txt,ok,,0.848585,0.708500,0.944744,0.029164,0.901113,0.888572,146,146
4.modify,34_NQ-HDND_709431.txt,ok,,0.824907,0.707012,0.928171,0.060406,0.905840,0.894108,4,4
4.modify,3579_QD-UBND_708038.txt,ok,,0.842204,0.649727,0.902858,0.041917,0.885746,0.877047,22,22
4.modify,35_2024_QH15_588811.txt,ok,,0.839124,0.713595,0.916499,0.024895,0.881764,0.877539,163,163
4.modify,35_NQ-HDND_707110.txt,ok,,0.873688,0.646713,0.956697,0.040995,0.922322,0.925857,117,100
4.modify,36_2024_QH15_444251.txt,ok,,0.819757,0.539169,0.935514,0.041196,0.881409,0.876741,182,182
4.modify,36_NQ-HDND_707610.txt,ok,,0.835117,0.610960,0.927575,0.049362,0.893107,0.894160,23,23
4.modify,37_2024_QH15_588810.txt,ok,,0.821377,0.504697,0.903745,0.043602,0.865402,0.869637,69,69
4.modify,38_2024_QH15_555033.txt,ok,,0.859387,0.704819,0.913636,0.020223,0.894320,0.889954,120,120
4.modify,38_2026_QD-UBND_708135.txt,ok,,0.793493,0.565459,0.890752,0.070764,0.870809,0.867265,18,18
4.modify,39_2024_QH15_575158.txt,ok,,0.841590,0.736050,0.919800,0.023849,0.884103,0.880959,172,172
4.modify,40_2024_QH15_564046.txt,ok,,0.822810,0.719264,0.881413,0.027455,0.865260,0.854966,17,17
4.modify,40_NQ-HDND_707111.txt,ok,,0.857726,0.658144,0.929651,0.036926,0.906125,0.904373,52,53
4.modify,41_2019_QH14_387991.txt,ok,,0.847546,0.693300,0.934554,0.028641,0.903606,0.893136,344,344
4.modify,41_2024_QH15_557190.txt,ok,,0.809739,0.569947,0.927359,0.034162,0.870723,0.862101,207,207
4.modify,42_NQ-HDND_707609.txt,ok,,0.822318,0.678949,0.945885,0.049474,0.897056,0.894693,11,11
4.modify,43_2019_QH14_367665.txt,ok,,0.838417,0.348885,0.911797,0.049673,0.878940,0.878419,112,111
4.modify,43_2024_QH15_612195.txt,ok,,0.667837,0.326714,0.888697,0.178036,0.813212,0.765600,5,5
4.modify,44_2024_QH15_583839.txt,ok,,0.817556,0.617733,0.891847,0.037598,0.864784,0.863526,71,71
4.modify,44_NQ-HDND_707608.txt,ok,,0.820574,0.708142,0.931713,0.077354,0.911899,0.911025,4,4
4.modify,45_2019_QH14_333670.txt,ok,,0.833031,0.480823,0.901195,0.034024,0.871058,0.876760,209,208
4.modify,45_2024_QH15_583769.txt,ok,,0.843877,0.685979,0.916629,0.025348,0.889081,0.883135,196,195
4.modify,45_NQ-HDND_707607.txt,ok,,0.810093,0.725768,0.913683,0.070133,0.899151,0.899151,3,3
4.modify,46_2019_QH14_398157.txt,ok,,0.842868,0.636665,0.909873,0.035658,0.880774,0.880462,57,57
4.modify,46_2024_QH15_524982.txt,ok,,0.827823,0.677845,0.940835,0.026822,0.877940,0.868878,117,117
4.modify,46_2026_QD-UBND_708335.txt,ok,,0.881577,0.828973,0.943416,0.037484,0.922482,0.920367,3,3
4.modify,46_NQ-HDND_707606.txt,ok,,0.854416,0.692851,0.930916,0.034107,0.899228,0.887493,44,44
4.modify,47_2019_QH14_411945.txt,ok,,0.823274,0.693882,0.911914,0.041205,0.875842,0.874901,28,28
4.modify,47_2024_QH15_583645.txt,ok,,0.839970,0.575058,0.906300,0.038786,0.883183,0.882477,121,121
4.modify,47_NQ-HDND_707603.txt,ok,,0.818002,0.573096,0.929803,0.045628,0.883114,0.882790,73,73
4.modify,48_2019_QH14_366794.txt,ok,,0.840392,0.660056,0.908928,0.030502,0.884867,0.877262,65,65
4.modify,48_2024_QH15_556390.txt,ok,,0.838686,0.642208,0.903126,0.033577,0.875799,0.880804,49,49
4.modify,49_2019_QH14_402073.txt,ok,,0.820795,0.674866,0.890499,0.027634,0.861808,0.860592,75,75
4.modify,49_2024_QH15_548487.txt,ok,,0.844184,0.494808,0.918128,0.048381,0.887470,0.889625,61,60
4.modify,50_2019_QH14_411944.txt,ok,,0.700570,0.481719,0.906081,0.148049,0.824855,0.824117,4,4
4.modify,50_2024_QH15_445264.txt,ok,,0.852009,0.670970,0.927749,0.029576,0.891210,0.884349,55,55
4.modify,51_2019_QH14_422706.txt,ok,,0.808596,0.637512,0.913274,0.040704,0.864704,0.855858,20,20
4.modify,51_2024_QH15_m_505750.txt,ok,,0.806875,0.581631,0.921688,0.042492,0.862871,0.862275,58,58
4.modify,52_2019_QH14_405729.txt,ok,,0.822269,0.691811,0.898481,0.035715,0.874941,0.862451,36,36
4.modify,52_2024_QH15_630032.txt,ok,,0.812956,0.683218,0.946479,0.045846,0.870265,0.870748,17,17
4.modify,53_2019_QH14_351558.txt,ok,,0.849774,0.701448,0.907735,0.027820,0.885928,0.877894,47,47
4.modify,53_2024_QH15_m_607439.txt,ok,,0.830761,0.695079,0.913359,0.028778,0.873237,0.870232,69,69
4.modify,54_2019_QH14_399763.txt,ok,,0.842948,0.648363,0.917462,0.025637,0.891134,0.880140,233,233
4.modify,54_2024_QH15_578531.txt,ok,,0.846667,0.725424,0.918749,0.024267,0.889613,0.885816,191,191
4.modify,54_KH-UBND_708180.txt,ok,,0.828791,0.696063,0.912866,0.038190,0.885294,0.881423,37,37
4.modify,55_2019_QH14_410870.txt,ok,,0.811961,0.645163,0.887680,0.040875,0.853357,0.857831,23,23
4.modify,55_2024_QH15_621347.txt,ok,,0.826930,0.667951,0.902315,0.030974,0.872234,0.872908,97,97
4.modify,56_2020_QH14_422707.txt,ok,,0.838623,0.631011,0.911563,0.042486,0.879807,0.874812,42,42
4.modify,56_2024_QH15_m_622318.txt,ok,,0.825790,0.613443,0.911065,0.045996,0.882059,0.878461,70,70
4.modify,57_2020_QH14_416260.txt,ok,,0.835961,0.621838,0.908406,0.041917,0.877969,0.872635,33,33
4.modify,57_2024_QH15_623631.txt,ok,,0.831900,0.609915,0.914159,0.032331,0.878012,0.875932,92,92
4.modify,58_2020_QH14_395767.txt,ok,,0.836178,0.667073,0.911825,0.028247,0.876959,0.873751,58,57
4.modify,58_2024_QH15_m_621645.txt,ok,,0.842247,0.551963,0.909094,0.032632,0.882816,0.880433,161,161
4.modify,58_2026_NQ-HDND_709771.txt,ok,,0.844426,0.778448,0.947190,0.040649,0.903178,0.890291,5,5
4.modify,59_2020_QH14_427301.txt,ok,,0.825039,0.610808,0.901809,0.028711,0.873402,0.871541,356,355
4.modify,59_2024_QH15_606865.txt,ok,,0.819152,0.559841,0.913964,0.035951,0.877556,0.868788,258,258
4.modify,60_2020_QH14_373522.txt,ok,,0.830153,0.663915,0.909578,0.044452,0.878022,0.873412,29,29
4.modify,60_2024_QH15_m_621343.txt,ok,,0.831288,0.677022,0.885454,0.029568,0.867999,0.865663,53,53
4.modify,60_2026_NQ-HDND_709424.txt,ok,,0.836999,0.687173,0.922325,0.059244,0.894673,0.894630,7,7
4.modify,61_2020_QH14_321051.txt,ok,,0.792257,0.522023,0.985894,0.070456,0.877377,0.879162,167,167
4.modify,61_2024_QH15_613892.txt,ok,,0.832001,0.621212,0.918088,0.027318,0.879139,0.873262,182,182
4.modify,62_2020_QH14_418229.txt,ok,,0.842875,0.579552,0.908870,0.032559,0.882964,0.880425,94,94
4.modify,62_2025_QH15_643744.txt,ok,,0.783983,0.556135,0.898062,0.069414,0.844509,0.836900,19,19
4.modify,63_2020_QH14_402074.txt,ok,,0.826563,0.696982,0.904269,0.027805,0.868430,0.864667,74,74
4.modify,63_2025_QH15_639242.txt,ok,,0.829546,0.703772,0.898761,0.029068,0.869041,0.864338,46,46
4.modify,63_2026_QD-UBND_709654.txt,ok,,0.855949,0.659315,0.939032,0.040318,0.898301,0.893594,30,30
4.modify,64_2020_QH14_374160.txt,ok,,0.833231,0.667650,0.918629,0.026291,0.875613,0.871112,136,136
4.modify,64_2025_QH15_639239.txt,ok,,0.837478,0.714128,0.911583,0.025711,0.879502,0.878965,115,114
4.modify,65_2020_QH14_422708.txt,ok,,0.808159,0.694382,0.886829,0.040304,0.860202,0.854315,12,12
4.modify,65_2025_QH15_639241.txt,ok,,0.825232,0.594064,0.913476,0.036204,0.874791,0.872408,119,118
4.modify,66_2020_QH14_439845.txt,ok,,0.846016,0.750764,0.915221,0.025297,0.882371,0.883686,44,44
4.modify,66_2025_QH15_621225.txt,ok,,0.781933,0.455302,0.912735,0.088816,0.870191,0.868199,23,23
4.modify,67_2020_QH14_m_373520.txt,ok,,0.805544,0.522275,0.920166,0.039949,0.860392,0.860653,115,115
4.modify,67_2025_QH15_580594.txt,ok,,0.833509,0.720012,0.917583,0.026188,0.876317,0.875636,52,52
4.modify,68_2020_QH14_435315.txt,ok,,0.826643,0.698500,0.942319,0.033232,0.873958,0.875842,57,56
4.modify,68_2025_QH15_578018.txt,ok,,0.830560,0.648392,0.894511,0.028371,0.865756,0.867208,77,77
4.modify,69_2020_QH14_439844.txt,ok,,0.834863,0.685097,0.903812,0.028007,0.874819,0.873003,100,98
4.modify,69_2025_QH15_603983.txt,ok,,0.841094,0.715229,0.922261,0.026935,0.882832,0.883289,74,74
4.modify,70_2020_QH14_376557.txt,ok,,0.834765,0.618940,0.916106,0.029574,0.879560,0.870192,57,57
4.modify,70_2025_QH15_580121.txt,ok,,0.841404,0.683575,0.915877,0.030474,0.883968,0.877231,56,56
4.modify,70_2026_NQ-HDND_709515.txt,ok,,0.838970,0.656049,0.945621,0.058067,0.895670,0.893426,11,11
4.modify,71_2020_QH14_366792.txt,ok,,0.815108,0.651788,0.900482,0.038597,0.858426,0.862114,17,17
4.modify,71_2025_QH15_621341.txt,ok,,0.839274,0.555325,0.905011,0.040704,0.881281,0.880747,68,68
4.modify,72_2020_QH14_431147.txt,ok,,0.842002,0.662809,0.914216,0.024009,0.886375,0.883697,333,333
4.modify,72_2025_QH15_649675.txt,ok,,0.831704,0.622581,0.911376,0.031755,0.879293,0.876951,141,141
4.modify,73_2021_QH14_445185.txt,ok,,0.836028,0.706904,0.908326,0.026772,0.876405,0.874149,63,63
4.modify,73_2025_QH15_621345.txt,ok,,0.850448,0.730976,0.905161,0.022489,0.881272,0.882624,43,43
4.modify,74_2025_QH15_m_530912.txt,ok,,0.829547,0.648357,0.912631,0.030965,0.873322,0.868463,63,63
4.modify,75_2025_QH15_555035.txt,ok,,0.827366,0.614574,0.908849,0.055521,0.876367,0.877131,31,31
4.modify,76_2025_QH15_659899.txt,ok,,0.828219,0.679117,0.904488,0.048829,0.871072,0.877069,17,17
4.modify,77_2025_QH15_643029.txt,ok,,0.805835,0.538957,0.891087,0.074973,0.858196,0.865460,19,19
4.modify,78_2025_QH15_m_623226.txt,ok,,0.835971,0.627826,0.903054,0.033740,0.874851,0.874847,72,72
4.modify,79_2025_QH15_660522.txt,ok,,0.807376,0.463536,0.881798,0.068525,0.848940,0.857586,26,25
4.modify,80_2025_QH15_649688.txt,ok,,0.835831,0.760403,0.907876,0.022008,0.873853,0.870433,46,46
4.modify,81_2025_QH15_660533.txt,ok,,0.851672,0.693945,0.927467,0.030067,0.898293,0.889007,61,61
4.modify,82_2025_QH15_660530.txt,ok,,0.806504,0.562004,0.895917,0.049725,0.852450,0.860645,25,25
4.modify,83_2025_QH15_663780.txt,ok,,0.787534,0.449639,0.873187,0.071832,0.841005,0.837655,30,29
4.modify,84_2025_QH15_655378.txt,ok,,0.842598,0.582874,0.928793,0.042217,0.893647,0.882712,92,92
4.modify,85_2025_QH15_651570.txt,ok,,0.831746,0.574637,0.921898,0.047613,0.889804,0.887452,52,52
4.modify,86_2025_QH15_662377.txt,ok,,0.779608,0.500860,0.895077,0.054239,0.853541,0.858109,118,117
4.modify,87_2025_QH15_662673.txt,ok,,0.840872,0.726163,0.901217,0.031425,0.879300,0.882102,31,31
4.modify,88_2025_QH15_m_659898.txt,ok,,0.809037,0.528295,0.904014,0.050486,0.864569,0.860395,48,48
4.modify,89_2025_QH15_650061.txt,ok,,0.854901,0.287751,0.927717,0.051867,0.898707,0.892710,139,138
4.modify,8_2026_QH16_704810.txt,ok,,0.821012,0.688930,0.887794,0.034248,0.870478,0.862757,17,17
4.modify,90_2025_QH15_m_662379.txt,ok,,0.828517,0.499830,0.907537,0.041460,0.876232,0.878794,160,160
4.modify,91_2025_QH15_m_625628.txt,ok,,0.843036,0.699411,0.899533,0.024204,0.878031,0.874449,61,61
4.modify,92_2025_QH15_659897.txt,ok,,0.849997,0.780679,0.924997,0.023536,0.886043,0.881629,28,28
4.modify,93_2025_QH15_m_581164.txt,ok,,0.843177,0.633757,0.910466,0.029696,0.884532,0.884842,146,146
4.modify,94_2025_QH15_643689.txt,ok,,0.846993,0.573332,0.917036,0.032426,0.888026,0.884481,127,127
4.modify,95_2025_QH15_622480.txt,ok,,0.832824,0.688978,0.925861,0.031677,0.884405,0.873885,84,84
4.modify,96_2025_QH15_648594.txt,ok,,0.836745,0.738036,0.898522,0.030654,0.871165,0.867825,12,12
4.modify,97_2025_QH15_663709.txt,ok,,0.806429,0.673330,0.895301,0.042936,0.854401,0.864424,15,15
4.modify,98_2025_QH15_662116.txt,ok,,0.839041,0.661599,0.908503,0.036355,0.879196,0.886227,64,64
4.modify,99_2025_QH15_662829.txt,ok,,0.810643,0.503161,0.933582,0.054177,0.874971,0.868292,65,64
5.layout,01_2021_QH15_486447.txt,ok,,0.839828,0.688072,0.911062,0.033104,0.888466,0.891358,18,18
5.layout,01_2026_NQ-HDND_707600.txt,ok,,0.837738,0.704726,0.901318,0.026667,0.879823,0.874935,61,61
5.layout,01_2026_NQ-HDND_707836.txt,ok,,0.774578,0.603797,0.897546,0.099235,0.873652,0.876964,4,4
5.layout,01_2026_QH16_704788.txt,ok,,0.838108,0.736236,0.920462,0.027493,0.884092,0.877653,39,39
5.layout,02_2021_QH15_489113.txt,ok,,0.664521,0.303905,0.865236,0.201166,0.789753,0.799823,5,5
5.layout,02_2026_NQ-HDND_707102.txt,ok,,0.844143,0.671852,0.936974,0.050935,0.903963,0.899901,17,17
5.layout,02_2026_NQ-HDND_707534.txt,ok,,0.841578,0.705773,0.919748,0.027515,0.884142,0.877960,70,70
5.layout,02_2026_NQ-HDND_707835.txt,ok,,0.820855,0.684545,0.904776,0.045782,0.879123,0.875347,13,13
5.layout,02_2026_NQ-HDND_708053.txt,ok,,0.838577,0.694248,0.913386,0.049554,0.897975,0.892453,8,8
5.layout,02_2026_QH16_696077.txt,ok,,0.844264,0.735525,0.917497,0.023992,0.885417,0.882016,104,104
5.layout,02_2026_UBTVQH16_708292.txt,ok,,0.796845,0.686784,0.900630,0.072708,0.882124,0.882722,4,4
5.layout,03_2022_QH15_m_486653.txt,ok,,0.820703,0.538112,0.917924,0.061775,0.883509,0.878819,29,29
5.layout,03_2026_NQ-HDND_707107.txt,ok,,0.825401,0.723505,0.914781,0.039157,0.881840,0.879331,8,8
5.layout,03_2026_NQ-HDND_707251.txt,ok,,0.833782,0.689846,0.936698,0.052265,0.892548,0.892542,12,12
5.layout,03_2026_NQ-HDND_707834.txt,ok,,0.822327,0.657922,0.913308,0.073994,0.893494,0.893037,7,7
5.layout,03_2026_NQ-HDND_709377.txt,ok,,0.843775,0.749503,0.896742,0.035841,0.887697,0.886982,8,8
5.layout,03_2026_QH16_694806.txt,ok,,0.838004,0.733235,0.896841,0.025768,0.879120,0.871677,36,36
5.layout,04_2022_QH15_477977.txt,ok,,0.826519,0.660716,0.886911,0.031709,0.860638,0.862863,30,30
5.layout,04_2026_NQ-HDND_707101.txt,ok,,0.808183,0.642413,0.996985,0.095431,0.939086,0.937522,16,16
5.layout,04_2026_NQ-HDND_707533.txt,ok,,0.834567,0.750969,0.920916,0.049448,0.907503,0.906212,6,6
5.layout,04_2026_NQ-HDND_707833.txt,ok,,0.834146,0.558071,0.911374,0.068372,0.881729,0.890670,17,16
5.layout,04_2026_NQ-HDND_707870.txt,ok,,0.775568,0.289120,0.944968,0.148761,0.895071,0.858664,12,12
5.layout,04_2026_QH16_681012.txt,ok,,0.820852,0.668511,0.888016,0.033643,0.851724,0.861132,23,23
5.layout,05_2022_QH15_486445.txt,ok,,0.835965,0.738511,0.910747,0.025607,0.880158,0.874126,59,59
5.layout,05_2026_NQ-HDND_707049.txt,ok,,0.823018,0.636247,0.918164,0.059759,0.889961,0.889961,9,9
5.layout,05_2026_NQ-HDND_707532.txt,ok,,0.842324,0.702330,0.903601,0.028646,0.881922,0.882181,25,25
5.layout,05_2026_NQ-HDND_707602.txt,ok,,0.848033,0.751696,0.914360,0.031798,0.892277,0.892144,13,13
5.layout,05_2026_NQ-HDND_707832.txt,ok,,0.812625,0.623690,0.904125,0.058270,0.877435,0.875316,11,11
5.layout,05_2026_QH16_704792.txt,ok,,0.830515,0.649935,0.892048,0.038720,0.867803,0.869491,23,23
5.layout,06_2022_QH15_418232.txt,ok,,0.822254,0.632190,0.910276,0.032968,0.879112,0.876582,135,135
5.layout,06_2026_NQ-HDND_707048.txt,ok,,0.846646,0.774236,0.930673,0.046655,0.908732,0.908732,5,5
5.layout,06_2026_NQ-HDND_707604.txt,ok,,0.849759,0.741709,0.932464,0.066106,0.918863,0.918863,3,3
5.layout,06_2026_QH16_704653.txt,ok,,0.821627,0.621934,0.914634,0.047020,0.872994,0.876517,37,36
5.layout,07_2022_QH15_458435.txt,ok,,0.828540,0.630880,0.899633,0.028079,0.870708,0.868922,167,167
5.layout,07_2026_NQ-HDND_707047.txt,ok,,0.835118,0.651770,0.922881,0.068203,0.906022,0.904370,11,11
5.layout,07_2026_NQ-HDND_707601.txt,ok,,0.759996,0.360673,0.927379,0.139503,0.823174,0.869508,13,13
5.layout,07_2026_QH16_704791.txt,ok,,0.837648,0.620940,0.901140,0.031153,0.877743,0.870777,72,72
5.layout,08_2022_QH15_m_465916.txt,ok,,0.830490,0.336922,0.898975,0.037312,0.876546,0.868491,212,212
5.layout,08_2026_NQ-HDND_707605.txt,ok,,0.827763,0.739367,0.907184,0.057120,0.897398,0.897398,4,4
5.layout,08_2026_NQ-HDND_710089.txt,ok,,0.812435,0.703094,0.905594,0.051895,0.875525,0.878707,5,5
5.layout,09_2022_QH15_m_513345.txt,ok,,0.821540,0.633975,0.880619,0.045979,0.862957,0.863985,33,33
5.layout,09_2026_NQ-HDND_707045.txt,ok,,0.824527,0.726446,0.909866,0.047959,0.881550,0.878136,4,4
5.layout,09_2026_NQ-HDND_707103.txt,ok,,0.824084,0.697274,0.949854,0.062309,0.901686,0.898332,5,5
5.layout,09_2026_QH16_703956.txt,ok,,0.750399,0.507657,0.878897,0.114280,0.824946,0.869105,5,4
5.layout,100_2025_QH15_688908.txt,ok,,0.837844,0.747611,0.901622,0.023965,0.873139,0.874386,53,53
5.layout,101_2025_QH15_686537.txt,ok,,0.842797,0.721844,0.904235,0.024599,0.877168,0.880692,64,64
5.layout,102_2025_QH15_624015.txt,ok,,0.846618,0.738093,0.908424,0.026064,0.882951,0.881586,33,33
5.layout,103_2025_QH15_686538.txt,ok,,0.832876,0.674085,0.902322,0.031994,0.870711,0.870029,49,49
5.layout,104_2025_QH15_633465.txt,ok,,0.829507,0.761734,0.902211,0.019628,0.863963,0.859645,36,36
5.layout,105_2025_QH15_667661.txt,ok,,0.850390,0.572601,0.914974,0.037095,0.891779,0.884996,76,76
5.layout,106_2025_QH15_628717.txt,ok,,0.848532,0.630970,0.926467,0.028785,0.893675,0.891054,246,246
5.layout,107_2025_QH15_346850.txt,ok,,0.831668,0.708708,0.913981,0.036134,0.882932,0.883820,31,31
5.layout,108_2025_QH15_675268.txt,ok,,0.836014,0.659979,0.906138,0.026949,0.878795,0.874857,165,165
5.layout,109_2025_QH15_665870.txt,ok,,0.836705,0.693526,0.906720,0.027934,0.875663,0.874927,33,33
5.layout,10_2022_QH15_546085.txt,ok,,0.840497,0.637888,0.917075,0.027543,0.886724,0.877642,147,145
5.layout,10_2026_NQ-HDND_707046.txt,ok,,0.838769,0.696762,0.970732,0.055120,0.909505,0.907478,7,7
5.layout,10_2026_NQ-HDND_707105.txt,ok,,0.822774,0.717024,0.920557,0.060300,0.897705,0.895921,4,4
5.layout,110_2025_QH15_581160.txt,ok,,0.836925,0.685570,0.910792,0.029500,0.879669,0.873420,51,51
5.layout,111_2025_QH15_667663.txt,ok,,0.820214,0.735845,0.896734,0.026721,0.864020,0.856889,43,43
5.layout,112_2025_QH15_586814.txt,ok,,0.838569,0.663870,0.933777,0.032464,0.886795,0.881042,122,122
5.layout,113_2025_QH15_443680.txt,ok,,0.816026,0.462766,0.911231,0.072384,0.880927,0.877298,33,33
5.layout,114_2025_QH15_658530.txt,ok,,0.819107,0.502510,0.899047,0.045744,0.866442,0.867200,62,61
5.layout,115_2025_QH15_675264.txt,ok,,0.832364,0.684236,0.899113,0.035935,0.877097,0.875522,27,27
5.layout,116_2025_QH15_666020.txt,ok,,0.829807,0.539533,0.918616,0.049974,0.885472,0.877011,96,96
5.layout,117_2025_QH15_685866.txt,ok,,0.838759,0.742997,0.914354,0.023478,0.876931,0.875448,52,52
5.layout,118_2025_QH15_682798.txt,ok,,0.807164,0.369504,0.898710,0.059562,0.870351,0.866163,76,76
5.layout,119_2025_QH15_685933.txt,ok,,0.846819,0.687345,0.915585,0.050496,0.890887,0.886253,17,17
5.layout,11_2022_QH15_544688.txt,ok,,0.851101,0.725839,0.910602,0.021176,0.887129,0.882838,134,134
5.layout,11_2026_NQ-HDND_707106.txt,ok,,0.796067,0.656584,0.940415,0.083707,0.905141,0.907681,7,7
5.layout,11_2026_NQ-HDND_707159.txt,ok,,0.842798,0.599433,0.927039,0.043440,0.892796,0.886155,28,28
5.layout,11_2026_NQ-HDND_709745.txt,ok,,0.796387,0.609129,0.932666,0.076528,0.883088,0.886054,8,8
5.layout,120_2025_QH15_666019.txt,ok,,0.829312,0.497796,0.900020,0.041654,0.869639,0.871384,88,87
5.layout,121_2025_QH15_689140.txt,ok,,0.839444,0.688855,0.905691,0.025192,0.874139,0.871657,83,83
5.layout,122_2025_QH15_662035.txt,ok,,0.836830,0.743246,0.894820,0.022683,0.875447,0.864746,64,64
5.layout,123_2025_QH15_656970.txt,ok,,0.827716,0.616862,0.892933,0.038504,0.868912,0.869124,42,42
5.layout,124_2025_QH15_687560.txt,ok,,0.846823,0.663094,0.911950,0.026822,0.889420,0.878229,62,62
5.layout,125_2025_QH15_663779.txt,ok,,0.846504,0.731869,0.904238,0.022708,0.883325,0.875132,66,66
5.layout,126_2025_QH15_581548.txt,ok,,0.853167,0.745355,0.933679,0.024202,0.892974,0.892576,64,64
5.layout,127_2025_QH15_686325.txt,ok,,0.847593,0.686337,0.925948,0.028181,0.895500,0.890017,362,362
5.layout,128_2025_QH15_679014.txt,ok,,0.806023,0.633720,0.897886,0.029854,0.857599,0.851506,110,110
5.layout,129_2025_QH15_675261.txt,ok,,0.832016,0.476720,0.895760,0.051494,0.868862,0.871866,46,45
5.layout,12_2022_QH15_505749.txt,ok,,0.846121,0.702338,0.914909,0.023411,0.885557,0.881627,111,111
5.layout,12_2026_NQ-HDND_707158.txt,ok,,0.831512,0.751370,0.940544,0.049145,0.892539,0.897461,4,4
5.layout,12_2026_NQ-HDND_709406.txt,ok,,0.791304,0.507302,0.911977,0.110313,0.873048,0.865023,11,11
5.layout,12_2026_NQ-HDND_709746.txt,ok,,0.826467,0.689261,0.930950,0.039872,0.879717,0.876746,17,17
5.layout,12_NQ-HDND_707831.txt,ok,,0.830203,0.619420,0.914987,0.047583,0.883693,0.883915,26,25
5.layout,12_NQ-HDND_708054.txt,ok,,0.838501,0.408275,0.924155,0.051352,0.888983,0.886546,97,96
5.layout,130_2025_QH15_687674.txt,ok,,0.835707,0.459069,0.928062,0.040000,0.887457,0.881839,140,140
5.layout,131_2025_QH15_675267.txt,ok,,0.823134,0.281426,0.898833,0.074056,0.863397,0.870574,61,60
5.layout,132_2025_QH15_685733.txt,ok,,0.833238,0.677301,0.911609,0.039792,0.875095,0.875697,18,18
5.layout,133_2025_QH15_675211.txt,ok,,0.847081,0.653996,0.911502,0.029801,0.888627,0.882115,72,72
5.layout,134_2025_QH15_679013.txt,ok,,0.841858,0.713182,0.897865,0.024459,0.875919,0.871800,55,55
5.layout,135_2025_QH15_675213.txt,ok,,0.848003,0.531351,0.921012,0.032367,0.893706,0.887333,149,149
5.layout,135_NQ-CP_706738.txt,ok,,0.840802,0.680167,0.924250,0.043320,0.893517,0.889198,12,12
5.layout,136_2025_QH15__686937.txt,ok,,0.809913,0.632208,0.901661,0.046265,0.867093,0.860680,27,27
5.layout,137_2025_QH15_686549.txt,ok,,0.825484,0.720667,0.881449,0.028644,0.855490,0.862114,23,23
5.layout,138_2025_QH15_686527.txt,ok,,0.818455,0.550854,0.916966,0.080313,0.881678,0.877159,20,20
5.layout,139_2025_QH15_684512.txt,ok,,0.811173,0.591078,0.894442,0.060832,0.858754,0.862661,19,19
5.layout,13_2022_QH15_490095.txt,ok,,0.836136,0.530794,0.893965,0.039921,0.871206,0.873850,63,62
5.layout,13_2026_NQ-HDND_707807.txt,ok,,0.802465,0.659843,0.931514,0.086409,0.905972,0.898671,5,5
5.layout,13_2026_NQ-HDND_709407.txt,ok,,0.830011,0.724778,0.934126,0.044006,0.888870,0.884733,7,7
5.layout,13_2026_NQ-HDND_709751.txt,ok,,0.823335,0.680696,0.943490,0.038089,0.878955,0.877940,26,26
5.layout,140_2025_QH15_675263.txt,ok,,0.810442,0.584556,0.901953,0.058050,0.867380,0.860802,13,13
5.layout,140_NQ-CP_707328.txt,ok,,0.821289,0.644783,0.932347,0.061003,0.888693,0.890028,7,7
5.layout,141_2025_QH15_686550.txt,ok,,0.846139,0.701064,0.904599,0.031233,0.880558,0.883821,25,25
5.layout,141_NQ-CP_708014.txt,ok,,0.800862,0.717386,0.921064,0.053584,0.880673,0.880673,5,5
5.layout,142_2025_QH15_675210.txt,ok,,0.840697,0.626110,0.913412,0.024725,0.884152,0.876182,153,153
5.layout,143_2025_QH15_681550.txt,ok,,0.793749,0.465050,0.991396,0.074745,0.886663,0.886065,136,135
5.layout,143_NQ-CP_709397.txt,ok,,0.849256,0.780424,0.955098,0.052821,0.914332,0.914332,3,3
5.layout,144_2025_QH15_675260.txt,ok,,0.839363,0.572758,0.906447,0.043407,0.886442,0.883606,41,41
5.layout,145_2025_QH15_684669.txt,ok,,0.842738,0.749313,0.900296,0.021007,0.877258,0.872164,39,39
5.layout,146_2025_QH15_675259.txt,ok,,0.808180,0.455810,0.912340,0.063973,0.874408,0.879793,211,210
5.layout,147_2025_QH15_675265.txt,ok,,0.827900,0.501611,0.904076,0.054975,0.873637,0.874523,44,44
5.layout,148_2025_QH15_m_675262.txt,ok,,0.840413,0.758204,0.893623,0.019837,0.870529,0.872060,63,63
5.layout,148_NQ-CP_710006.txt,ok,,0.835267,0.543562,0.992220,0.048672,0.891510,0.887658,126,126
5.layout,149_2025_QH15_679698.txt,ok,,0.795868,0.710579,0.872789,0.050687,0.851088,0.847958,3,3
5.layout,14_2022_QH15_519327.txt,ok,,0.841451,0.615941,0.913349,0.029901,0.888273,0.877620,79,79
5.layout,14_2026_NQ-HDND_707808.txt,ok,,0.847012,0.678194,0.922863,0.043263,0.899331,0.897077,18,18
5.layout,14_2026_NQ-HDND_709408.txt,ok,,0.790435,0.611610,0.912457,0.082809,0.880174,0.878818,9,9
5.layout,14_2026_NQ-HDND_710206.txt,ok,,0.805668,0.547274,0.917749,0.056995,0.876669,0.876257,38,38
5.layout,14_NQ-HDND_707830.txt,ok,,0.778574,0.618027,0.939035,0.076015,0.874993,0.875732,7,7
5.layout,150_2025_QH15_685773.txt,ok,,0.837749,0.766558,0.923188,0.022564,0.882154,0.872751,41,41
5.layout,15_2023_QH15_372143.txt,ok,,0.823058,0.365356,0.903463,0.042427,0.872867,0.863810,165,165
5.layout,15_2026_NQ-HDND_707809.txt,ok,,0.832987,0.712088,0.917912,0.042170,0.882131,0.883028,11,11
5.layout,15_2026_NQ-HDND_707811.txt,ok,,0.836689,0.773012,0.940475,0.039966,0.891611,0.883919,5,5
5.layout,15_2026_NQ-HDND_709741.txt,ok,,0.816992,0.590974,0.944652,0.050765,0.881623,0.883930,127,124
5.layout,15_NQ-HDND_707829.txt,ok,,0.838631,0.646598,0.948035,0.059643,0.915594,0.911398,13,13
5.layout,16_2023_QH15_519324.txt,ok,,0.834814,0.662730,0.910074,0.026035,0.876812,0.872869,136,136
5.layout,16_2026_NQ-HDND_707769.txt,ok,,0.837037,0.667582,0.930292,0.050704,0.894997,0.893098,10,10
5.layout,16_2026_NQ-HDND_707810.txt,ok,,0.843538,0.725385,0.916760,0.051839,0.905797,0.901489,7,7
5.layout,17_2023_QH15_499239.txt,ok,,0.835841,0.651484,0.912760,0.027776,0.884671,0.879196,185,185
5.layout,17_2026_NQ-HDND_709410.txt,ok,,0.831119,0.731549,0.942247,0.048303,0.904602,0.896418,10,10
5.layout,18_2023_QH15_519325.txt,ok,,0.817209,0.236828,0.909859,0.067823,0.865890,0.864362,71,71
5.layout,18_2026_NQ-HDND_709411.txt,ok,,0.824412,0.686571,0.940792,0.058691,0.910269,0.906814,8,8
5.layout,18_NQ-HDND_707827.txt,ok,,0.824384,0.680828,0.928904,0.082779,0.906038,0.904133,3,3
5.layout,19_2023_QH15_m_500102.txt,ok,,0.839584,0.671581,0.912430,0.028532,0.881935,0.881354,114,114
5.layout,19_2026_NQ-HDND_709412.txt,ok,,0.792745,0.568638,0.929491,0.072729,0.886316,0.884845,30,30
5.layout,20_2023_QH15_m_513347.txt,ok,,0.832101,0.718122,0.897817,0.023839,0.870295,0.870070,63,63
5.layout,20_2026_NQ-HDND_709415.txt,ok,,0.822605,0.662092,0.908408,0.055449,0.891572,0.892556,8,8
5.layout,20_2026_NQ-HDND_709736.txt,ok,,0.766879,0.277242,0.909298,0.131239,0.829237,0.875180,47,46
5.layout,20_NQ-HDND_707825.txt,ok,,0.820176,0.709835,0.903567,0.056193,0.878479,0.876381,6,6
5.layout,21_2026_NQ-HDND_709413.txt,ok,,0.844314,0.710461,0.944894,0.039902,0.897968,0.891684,16,16
5.layout,21_2026_NQ-HDND_709737.txt,ok,,0.836514,0.620148,0.905962,0.039795,0.877861,0.875287,65,65
5.layout,21_NQ-HDND_707824.txt,ok,,0.748485,0.588819,0.912079,0.093874,0.855640,0.855224,5,5
5.layout,22_2026_NQ-HDND_709414.txt,ok,,0.829803,0.673278,0.919518,0.056245,0.889051,0.889841,15,15
5.layout,22_2026_NQ-HDND_709738.txt,ok,,0.826755,0.682628,0.907532,0.037800,0.875114,0.878493,33,34
5.layout,23_2023_QH15_m_563579.txt,ok,,0.818598,0.614745,0.889127,0.042915,0.867273,0.863055,19,19
5.layout,23_2026_NQ-HDND_709416.txt,ok,,0.823503,0.650111,0.925359,0.044458,0.881129,0.878804,22,22
5.layout,23_2026_NQ-HDND_709739.txt,ok,,0.814694,0.586820,0.950939,0.080360,0.894617,0.894357,13,13
5.layout,23_NQ-HDND_707612.txt,ok,,0.828981,0.702735,0.909407,0.056373,0.894118,0.892954,4,4
5.layout,23_NQ-HDND_707821.txt,ok,,0.824745,0.737029,0.895583,0.044331,0.872996,0.870743,4,4
5.layout,23_NQ-HDND_709740 (1).txt,ok,,0.837977,0.743897,0.922925,0.037842,0.888863,0.890461,10,10
5.layout,23_NQ-HDND_709740.txt,ok,,0.837977,0.743897,0.922925,0.037842,0.888863,0.890461,10,10
5.layout,24_2023_QH15_535782.txt,ok,,0.838717,0.625201,0.907945,0.028120,0.882011,0.876576,116,116
5.layout,24_2026_NQ-HDND_709417.txt,ok,,0.820147,0.671661,0.916734,0.057104,0.895241,0.896912,8,8
5.layout,24_2026_NQ-HDND_709733.txt,ok,,0.839482,0.673812,0.931276,0.031571,0.888108,0.884021,55,55
5.layout,24_NQ-HDND_707611.txt,ok,,0.844969,0.683426,0.912399,0.051399,0.894738,0.892623,7,7
5.layout,24_NQ-HDND_707820.txt,ok,,0.829977,0.714363,0.913324,0.051903,0.891300,0.883060,4,4
5.layout,25_2023_QH15_548477.txt,ok,,0.852283,0.719163,0.922106,0.022481,0.891490,0.885137,63,63
5.layout,25_2026_NQ-HDND_709430.txt,ok,,0.831201,0.727866,0.918818,0.053366,0.900792,0.901886,7,7
5.layout,25_2026_NQ-HDND_709752.txt,ok,,0.821527,0.650335,0.939514,0.044203,0.876073,0.873138,24,24
5.layout,26_2023_QH15_m_552422.txt,ok,,0.837462,0.547037,0.912753,0.041344,0.877887,0.880151,68,68
5.layout,26_2026_NQ-HDND_709418.txt,ok,,0.839202,0.697923,0.928718,0.051436,0.895266,0.894791,20,20
5.layout,26_2026_NQ-HDND_709750.txt,ok,,0.829067,0.607674,0.954880,0.034243,0.883361,0.878813,117,117
5.layout,26_NQ-HDND_709743.txt,ok,,0.831948,0.631674,0.914492,0.040709,0.877604,0.876373,27,27
5.layout,278_NQ-UBTVQH16_709850.txt,ok,,0.818656,0.690664,0.963044,0.051005,0.886718,0.876669,15,15
5.layout,279_NQ-UBTVQH16_709851.txt,ok,,0.823106,0.611505,0.917586,0.046480,0.870981,0.865174,39,39
5.layout,27_2023_QH15_528669.txt,ok,,0.833898,0.694542,0.925873,0.026896,0.882604,0.880793,378,366
5.layout,27_2026_NQ-HDND_709419.txt,ok,,0.789574,0.466363,0.915842,0.114759,0.870769,0.871360,13,13
5.layout,27_2026_NQ-HDND_709748.txt,ok,,0.853618,0.682454,0.928056,0.039650,0.903383,0.902435,31,31
5.layout,28_2023_QH15_583801.txt,ok,,0.855475,0.679187,0.922292,0.027022,0.897759,0.892599,170,170
5.layout,28_2026_NQ-CP_710007.txt,ok,,0.833459,0.725954,0.929222,0.044344,0.896426,0.899434,9,9
5.layout,28_2026_NQ-HDND_709420.txt,ok,,0.824160,0.653931,0.926560,0.058408,0.893329,0.893548,10,10
5.layout,28_2026_NQ-HDND_710200.txt,ok,,0.802144,0.599194,0.930200,0.048359,0.872736,0.870348,42,42
5.layout,29_2023_QH15_530116.txt,ok,,0.843145,0.709975,0.932269,0.025633,0.895621,0.882460,153,152
5.layout,29_2026_NQ-HDND_709421.txt,ok,,0.823844,0.720001,0.938302,0.045102,0.891369,0.892562,15,15
5.layout,30_2023_QH15_445699.txt,ok,,0.820869,0.332037,0.895470,0.080460,0.859807,0.864693,39,38
5.layout,30_2026_NQ-HDND_709429.txt,ok,,0.811617,0.694275,0.927705,0.048331,0.881366,0.877710,8,8
5.layout,31_2024_QH15_523642.txt,ok,,0.825942,0.633877,0.924374,0.028557,0.874122,0.872215,586,583
5.layout,31_2026_NQ-HDND_709428.txt,ok,,0.806886,0.571418,0.921251,0.084094,0.879590,0.877692,12,12
5.layout,32_2024_QH15_m_577203.txt,ok,,0.835804,0.578354,0.934988,0.027588,0.889589,0.877443,322,322
5.layout,32_2026_NQ-HDND_709422.txt,ok,,0.839436,0.731957,0.936705,0.048840,0.905793,0.898609,6,6
5.layout,33_2024_QH15_545181.txt,ok,,0.838778,0.611816,0.903362,0.027694,0.878267,0.872508,81,81
5.layout,33_2026_NQ-HDND_709423.txt,ok,,0.805438,0.664833,0.925408,0.060891,0.878020,0.880978,9,9
5.layout,34_2024_QH15_580434.txt,ok,,0.851162,0.714489,0.950779,0.028849,0.905815,0.890319,146,146
5.layout,34_NQ-HDND_709431.txt,ok,,0.824206,0.711324,0.923396,0.059772,0.904052,0.897335,4,4
5.layout,3579_QD-UBND_708038.txt,ok,,0.844801,0.648955,0.905699,0.042307,0.884997,0.881485,22,22
5.layout,35_2024_QH15_588811.txt,ok,,0.840708,0.732144,0.914385,0.024219,0.883717,0.878313,163,163
5.layout,35_NQ-HDND_707110.txt,ok,,0.872680,0.612739,0.961305,0.042441,0.927970,0.927320,117,95
5.layout,36_2024_QH15_444251.txt,ok,,0.820178,0.557114,0.938116,0.040291,0.884140,0.876759,182,182
5.layout,36_NQ-HDND_707610.txt,ok,,0.834597,0.637826,0.923609,0.048515,0.894317,0.894431,23,23
5.layout,37_2024_QH15_588810.txt,ok,,0.825177,0.538367,0.906568,0.042585,0.869586,0.872447,69,69
5.layout,38_2024_QH15_555033.txt,ok,,0.858298,0.710976,0.914933,0.019347,0.892717,0.888012,120,120
5.layout,38_2026_QD-UBND_708135.txt,ok,,0.798751,0.570233,0.913358,0.067709,0.874834,0.872726,18,18
5.layout,39_2024_QH15_575158.txt,ok,,0.842584,0.741439,0.919158,0.022815,0.885793,0.880737,172,172
5.layout,40_2024_QH15_564046.txt,ok,,0.824657,0.719906,0.890481,0.028086,0.869622,0.857205,17,17
5.layout,40_NQ-HDND_707111.txt,ok,,0.857868,0.661359,0.930666,0.037068,0.904703,0.905732,52,53
5.layout,41_2019_QH14_387991.txt,ok,,0.847984,0.698244,0.927921,0.027443,0.902325,0.892293,344,344
5.layout,41_2024_QH15_557190.txt,ok,,0.812291,0.604276,0.929025,0.031787,0.869109,0.861997,207,207
5.layout,42_NQ-HDND_707609.txt,ok,,0.823445,0.692944,0.947991,0.048470,0.900919,0.895659,11,11
5.layout,43_2019_QH14_367665.txt,ok,,0.838349,0.340928,0.914134,0.049816,0.884559,0.876373,112,111
5.layout,43_2024_QH15_612195.txt,ok,,0.668411,0.326714,0.886968,0.179067,0.817949,0.766642,5,5
5.layout,44_2024_QH15_583839.txt,ok,,0.820310,0.585118,0.892279,0.037199,0.869985,0.865309,71,71
5.layout,44_NQ-HDND_707608.txt,ok,,0.822847,0.710445,0.963190,0.079248,0.922112,0.922112,4,4
5.layout,45_2019_QH14_333670.txt,ok,,0.834863,0.481418,0.906299,0.033474,0.874379,0.877981,209,208
5.layout,45_2024_QH15_583769.txt,ok,,0.847918,0.695993,0.921294,0.024456,0.895427,0.885600,196,195
5.layout,45_NQ-HDND_707607.txt,ok,,0.814408,0.733996,0.928338,0.075054,0.910925,0.910925,3,3
5.layout,46_2019_QH14_398157.txt,ok,,0.846434,0.646070,0.911729,0.034319,0.886024,0.883018,57,57
5.layout,46_2024_QH15_524982.txt,ok,,0.830352,0.686946,0.940495,0.024836,0.879689,0.869730,117,117
5.layout,46_2026_QD-UBND_708335.txt,ok,,0.883593,0.841798,0.941872,0.034012,0.922262,0.922262,3,3
5.layout,46_NQ-HDND_707606.txt,ok,,0.855773,0.699609,0.929004,0.033431,0.899772,0.888740,44,44
5.layout,47_2019_QH14_411945.txt,ok,,0.828035,0.697815,0.912054,0.040711,0.877002,0.877759,28,28
5.layout,47_2024_QH15_583645.txt,ok,,0.841758,0.631496,0.908603,0.035374,0.887224,0.883809,121,121
5.layout,47_NQ-HDND_707603.txt,ok,,0.816935,0.589897,0.928603,0.043351,0.882089,0.879615,73,73
5.layout,48_2019_QH14_366794.txt,ok,,0.838280,0.664345,0.902315,0.029312,0.881713,0.875064,65,65
5.layout,48_2024_QH15_556390.txt,ok,,0.839362,0.636204,0.904269,0.033158,0.876798,0.881854,49,49
5.layout,49_2019_QH14_402073.txt,ok,,0.820462,0.676019,0.887455,0.027065,0.860753,0.859339,75,75
5.layout,49_2024_QH15_548487.txt,ok,,0.844736,0.489766,0.921683,0.047783,0.887733,0.890393,61,60
5.layout,50_2019_QH14_411944.txt,ok,,0.700546,0.476673,0.912073,0.151746,0.836847,0.836696,4,4
5.layout,50_2024_QH15_445264.txt,ok,,0.853637,0.687619,0.923727,0.027319,0.888447,0.885734,55,55
5.layout,51_2019_QH14_422706.txt,ok,,0.811516,0.646882,0.923585,0.041410,0.870204,0.859572,20,20
5.layout,51_2024_QH15_m_505750.txt,ok,,0.811172,0.583241,0.922340,0.042004,0.868321,0.864581,58,58
5.layout,52_2019_QH14_405729.txt,ok,,0.821783,0.689856,0.894552,0.033226,0.869781,0.860902,36,36
5.layout,52_2024_QH15_630032.txt,ok,,0.818529,0.686385,0.942283,0.043379,0.873753,0.873670,17,17
5.layout,53_2019_QH14_351558.txt,ok,,0.850712,0.699646,0.909367,0.027738,0.887822,0.878813,47,47
5.layout,53_2024_QH15_m_607439.txt,ok,,0.832055,0.692723,0.908039,0.027584,0.873421,0.869597,69,69
5.layout,54_2019_QH14_399763.txt,ok,,0.847016,0.677959,0.922344,0.023348,0.890541,0.881578,233,233
5.layout,54_2024_QH15_578531.txt,ok,,0.848865,0.721321,0.925388,0.023539,0.891920,0.886644,191,191
5.layout,54_KH-UBND_708180.txt,ok,,0.832607,0.698619,0.920858,0.035950,0.888447,0.883848,37,37
5.layout,55_2019_QH14_410870.txt,ok,,0.819140,0.670929,0.896480,0.039222,0.859517,0.862692,23,23
5.layout,55_2024_QH15_621347.txt,ok,,0.831014,0.683177,0.909757,0.029637,0.878931,0.874808,97,97
5.layout,56_2020_QH14_422707.txt,ok,,0.840901,0.609242,0.917944,0.042324,0.885899,0.876075,42,42
5.layout,56_2024_QH15_m_622318.txt,ok,,0.829202,0.606811,0.907703,0.044574,0.881182,0.878855,70,70
5.layout,57_2020_QH14_416260.txt,ok,,0.840520,0.621838,0.911509,0.042115,0.882265,0.876793,33,33
5.layout,57_2024_QH15_623631.txt,ok,,0.836221,0.611954,0.920770,0.031097,0.881795,0.879912,92,92
5.layout,58_2020_QH14_395767.txt,ok,,0.837313,0.661178,0.917386,0.032130,0.881012,0.874822,58,58
5.layout,58_2024_QH15_m_621645.txt,ok,,0.846599,0.593727,0.910448,0.030830,0.888102,0.883733,161,161
5.layout,58_2026_NQ-HDND_709771.txt,ok,,0.844343,0.785850,0.944238,0.040776,0.903107,0.890272,5,5
5.layout,59_2020_QH14_427301.txt,ok,,0.829982,0.554950,0.904044,0.027829,0.877185,0.872734,356,356
5.layout,59_2024_QH15_606865.txt,ok,,0.820053,0.590887,0.914016,0.034317,0.878144,0.868659,258,258
5.layout,60_2020_QH14_373522.txt,ok,,0.834044,0.670152,0.917135,0.044814,0.884361,0.877503,29,29
5.layout,60_2024_QH15_m_621343.txt,ok,,0.831154,0.676165,0.900172,0.028923,0.868407,0.864735,53,53
5.layout,60_2026_NQ-HDND_709424.txt,ok,,0.836794,0.698102,0.914778,0.055044,0.892766,0.892042,7,7
5.layout,61_2020_QH14_321051.txt,ok,,0.796361,0.521046,0.986113,0.070853,0.882385,0.881754,167,167
5.layout,61_2024_QH15_613892.txt,ok,,0.835524,0.646899,0.917567,0.026322,0.881750,0.874951,182,182
5.layout,62_2020_QH14_418229.txt,ok,,0.846286,0.619237,0.915893,0.030366,0.887774,0.882424,94,94
5.layout,62_2025_QH15_643744.txt,ok,,0.789365,0.556233,0.909572,0.069873,0.853638,0.843166,19,19
5.layout,63_2020_QH14_402074.txt,ok,,0.829032,0.700882,0.909364,0.027464,0.867899,0.865836,74,74
5.layout,63_2025_QH15_639242.txt,ok,,0.830311,0.707458,0.902518,0.027832,0.871915,0.862902,46,46
5.layout,63_2026_QD-UBND_709654.txt,ok,,0.857785,0.666167,0.944517,0.040383,0.904087,0.894677,30,30
5.layout,64_2020_QH14_374160.txt,ok,,0.837562,0.689399,0.929846,0.025270,0.881039,0.874437,136,136
5.layout,64_2025_QH15_639239.txt,ok,,0.835538,0.511918,0.910397,0.035823,0.882753,0.877491,115,115
5.layout,65_2020_QH14_422708.txt,ok,,0.818697,0.708920,0.890872,0.038296,0.869032,0.862309,12,12
5.layout,65_2025_QH15_639241.txt,ok,,0.829558,0.609542,0.914049,0.035281,0.880973,0.875028,119,118
5.layout,66_2020_QH14_439845.txt,ok,,0.845796,0.753850,0.915510,0.024013,0.883402,0.882538,44,44
5.layout,66_2025_QH15_621225.txt,ok,,0.784090,0.461636,0.919891,0.087989,0.872243,0.870551,23,23
5.layout,67_2020_QH14_m_373520.txt,ok,,0.806753,0.555934,0.919421,0.038302,0.861076,0.861337,115,115
5.layout,67_2025_QH15_580594.txt,ok,,0.835624,0.748456,0.916367,0.024431,0.877398,0.876059,52,52
5.layout,68_2020_QH14_435315.txt,ok,,0.832277,0.647519,0.952938,0.033819,0.874555,0.879688,57,57
5.layout,68_2025_QH15_578018.txt,ok,,0.833910,0.642058,0.895933,0.027782,0.870325,0.869705,77,77
5.layout,69_2020_QH14_439844.txt,ok,,0.838621,0.695420,0.901276,0.026973,0.879853,0.876262,100,98
5.layout,69_2025_QH15_603983.txt,ok,,0.844243,0.715836,0.918754,0.026082,0.884002,0.884550,74,74
5.layout,70_2020_QH14_376557.txt,ok,,0.838701,0.669319,0.918481,0.025620,0.880099,0.872775,57,57
5.layout,70_2025_QH15_580121.txt,ok,,0.842684,0.703591,0.911793,0.029599,0.885011,0.877533,56,56
5.layout,70_2026_NQ-HDND_709515.txt,ok,,0.838254,0.659200,0.936907,0.057264,0.894197,0.892762,11,11
5.layout,71_2020_QH14_366792.txt,ok,,0.817543,0.647487,0.901518,0.038969,0.863505,0.863570,17,17
5.layout,71_2025_QH15_621341.txt,ok,,0.840373,0.567712,0.908967,0.039150,0.884562,0.881029,68,68
5.layout,72_2020_QH14_431147.txt,ok,,0.843034,0.664812,0.912493,0.022346,0.885508,0.882911,333,333
5.layout,72_2025_QH15_649675.txt,ok,,0.834294,0.639766,0.919773,0.030282,0.884113,0.877940,141,141
5.layout,73_2021_QH14_445185.txt,ok,,0.836905,0.713612,0.909581,0.025831,0.877402,0.873990,63,63
5.layout,73_2025_QH15_621345.txt,ok,,0.852054,0.736933,0.907548,0.021527,0.884936,0.882606,43,43
5.layout,74_2025_QH15_m_530912.txt,ok,,0.831354,0.664476,0.909810,0.028816,0.873597,0.869529,63,63
5.layout,75_2025_QH15_555035.txt,ok,,0.827674,0.617790,0.912191,0.053840,0.879507,0.879168,31,31
5.layout,76_2025_QH15_659899.txt,ok,,0.831357,0.665701,0.907564,0.048464,0.874911,0.877275,17,17
5.layout,77_2025_QH15_643029.txt,ok,,0.810804,0.545234,0.903075,0.076091,0.868461,0.870979,19,19
5.layout,78_2025_QH15_m_623226.txt,ok,,0.839857,0.638080,0.904463,0.032699,0.880307,0.876773,72,72
5.layout,79_2025_QH15_660522.txt,ok,,0.809957,0.468726,0.876096,0.068138,0.849478,0.858592,26,25
5.layout,80_2025_QH15_649688.txt,ok,,0.836646,0.750663,0.901922,0.021677,0.876132,0.869880,46,46
5.layout,81_2025_QH15_660533.txt,ok,,0.854866,0.694014,0.928248,0.028107,0.898862,0.891877,61,61
5.layout,82_2025_QH15_660530.txt,ok,,0.811368,0.562004,0.900277,0.049810,0.858712,0.864243,25,25
5.layout,83_2025_QH15_663780.txt,ok,,0.790827,0.461880,0.884017,0.071676,0.845149,0.839841,30,29
5.layout,84_2025_QH15_655378.txt,ok,,0.843152,0.576727,0.926828,0.041140,0.890907,0.882725,92,92
5.layout,85_2025_QH15_651570.txt,ok,,0.833277,0.564913,0.922877,0.047727,0.895619,0.888416,52,52
5.layout,86_2025_QH15_662377.txt,ok,,0.783891,0.509027,0.894562,0.053373,0.856548,0.859699,118,117
5.layout,87_2025_QH15_662673.txt,ok,,0.841549,0.723709,0.908543,0.030620,0.881142,0.883273,31,31
5.layout,88_2025_QH15_m_659898.txt,ok,,0.809010,0.522299,0.906478,0.048857,0.865074,0.859099,48,48
5.layout,89_2025_QH15_650061.txt,ok,,0.859103,0.283065,0.936819,0.051983,0.903483,0.895056,139,138
5.layout,8_2026_QH16_704810.txt,ok,,0.824110,0.692962,0.891881,0.033734,0.875045,0.864660,17,17
5.layout,90_2025_QH15_m_662379.txt,ok,,0.832293,0.502835,0.912815,0.040253,0.881348,0.880573,160,160
5.layout,91_2025_QH15_m_625628.txt,ok,,0.845361,0.738923,0.897025,0.022170,0.877963,0.875559,61,61
5.layout,92_2025_QH15_659897.txt,ok,,0.851795,0.779016,0.928244,0.023410,0.889596,0.883488,28,28
5.layout,93_2025_QH15_m_581164.txt,ok,,0.845279,0.653282,0.911335,0.027750,0.884982,0.884315,146,146
5.layout,94_2025_QH15_643689.txt,ok,,0.848518,0.554096,0.920452,0.032927,0.888304,0.885315,127,127
5.layout,95_2025_QH15_622480.txt,ok,,0.834588,0.698654,0.918394,0.029416,0.883042,0.873864,84,84
5.layout,96_2025_QH15_648594.txt,ok,,0.836154,0.727705,0.891626,0.031558,0.872554,0.869589,12,12
5.layout,97_2025_QH15_663709.txt,ok,,0.805983,0.678753,0.893180,0.040885,0.858644,0.859636,15,15
5.layout,98_2025_QH15_662116.txt,ok,,0.841375,0.674727,0.909159,0.034862,0.882370,0.885386,64,64
5.layout,99_2025_QH15_662829.txt,ok,,0.805870,0.365576,0.933651,0.068361,0.876767,0.863964,65,65
